,timestamp,pitch,roll,yaw,h,windspeed
4184,1636893170.41892,0,-0.005847953216374,-0.994152046783626,0,0.689839572192513
4185,1636893170.52113,0,-0.005847953216374,-0.994152046783626,0,0.689839572192513
4186,1636893170.71132,0,-0.005847953216374,-0.994152046783626,0,0.689839572192513
4187,1636893170.72475,0,-0.005847953216374,-0.994152046783626,0,0.689839572192513
4188,1636893170.82515,0,-0.005847953216374,-0.994152046783626,0,0.689839572192513
4189,1636893170.92766,0,-0.005847953216374,-0.994152046783626,0,0.689839572192513
4190,1636893171.03098,0,-0.005847953216374,-0.994152046783626,0,0.689839572192513
4191,1636893171.13221,0,-0.005847953216374,-0.994152046783626,0,0.689839572192513
4192,1636893171.23546,0,-0.005847953216374,-0.994152046783626,0,0.689839572192513
4193,1636893171.28234,0,-0.005847953216374,-0.994152046783626,0,0.689839572192513
4194,1636893171.38822,0,-0.005847953216374,-0.994152046783626,0,0.689839572192513
4195,1636893171.48934,0,-0.005847953216374,-0.994152046783626,0,0.689839572192513
4196,1636893171.59204,0,-0.005847953216374,-0.994152046783626,0,0.689839572192513
4197,1636893171.69179,0,-0.005847953216374,-0.994152046783626,0,0.689839572192513
4198,1636893171.7945,0,-0.005847953216374,-0.994152046783626,0,0.689839572192513
4199,1636893171.89563,0,-0.005847953216374,-0.994152046783626,0,0.689839572192513
4200,1636893171.99942,0,-0.005847953216374,-0.994152046783626,0,0.689839572192513
4201,1636893172.10216,0,-0.005847953216374,-0.994152046783626,0,0.561497326203209
4202,1636893172.20205,0,-0.005847953216374,-0.994152046783626,0,0.561497326203209
4203,1636893172.30648,0,-0.005847953216374,-0.994152046783626,0,0.561497326203209
4204,1636893172.40504,0,-0.005847953216374,-0.994152046783626,0,0.561497326203209
4205,1636893172.50976,0,-0.005847953216374,-0.994152046783626,0,0.561497326203209
4206,1636893172.60979,0,-0.005847953216374,-0.994152046783626,0,0.561497326203209
4207,1636893172.71372,0,-0.005847953216374,-0.994152046783626,0,0.561497326203209
4208,1636893172.81359,0,-0.005847953216374,-0.994152046783626,0,0.561497326203209
4209,1636893172.91673,0,-0.005847953216374,-0.994152046783626,0,0.561497326203209
4210,1636893173.01871,0,-0.005847953216374,-0.994152046783626,0,0.561497326203209
4211,1636893173.11873,0,-0.005847953216374,-0.994152046783626,0,0.561497326203209
4212,1636893173.22423,0,-0.005847953216374,-0.994152046783626,0,0.561497326203209
4213,1636893173.32531,0,-0.005847953216374,-0.994152046783626,0,0.561497326203209
4214,1636893173.42666,0,-0.005847953216374,-0.994152046783626,0,0.561497326203209
4215,1636893173.5287,0,-0.005847953216374,-0.994152046783626,0,0.561497326203209
4216,1636893173.62836,0,-0.005847953216374,-0.994152046783626,0,0.561497326203209
4217,1636893173.73126,0,-0.005847953216374,-0.994152046783626,0,0.561497326203209
4218,1636893173.83527,0,-0.005847953216374,-0.994152046783626,0,0.561497326203209
4219,1636893173.88803,0,-0.005847953216374,-0.994152046783626,0,0.561497326203209
4220,1636893173.98837,0,-0.005847953216374,-0.994152046783626,0,0.561497326203209
4230,1636893175.00641,0,-0.005847953216374,-0.994152046783626,0,0.561497326203209
4231,1636893175.1107,0,-0.005847953216374,-0.994152046783626,0,0.561497326203209
4232,1636893175.21122,0,-0.005847953216374,-0.994152046783626,0,0.561497326203209
4233,1636893175.31451,0,-0.005847953216374,-0.994152046783626,0,0.561497326203209
4234,1636893175.41662,0,-0.005847953216374,-0.994152046783626,0,0.561497326203209
4235,1636893175.51899,0,-0.005847953216374,-0.994152046783626,0,0.561497326203209
4236,1636893175.62092,0,-0.005847953216374,-0.994152046783626,0,0.561497326203209
4237,1636893175.72309,0,-0.005847953216374,-0.994152046783626,0,0.561497326203209
4238,1636893175.82308,0,-0.005847953216374,-0.994152046783626,0,0.561497326203209
4239,1636893175.92692,0,-0.005847953216374,-0.994152046783626,0,0.561497326203209
4240,1636893176.02507,0,-0.005847953216374,-0.994152046783626,0,0.427807486631016
4241,1636893176.12897,0,-0.005847953216374,-0.994152046783626,0,0.427807486631016
4242,1636893176.23063,0,-0.005847953216374,-0.994152046783626,0,0.427807486631016
4243,1636893176.33449,0,-0.005847953216374,-0.994152046783626,0,0.427807486631016
4244,1636893176.38575,0,-0.005847953216374,-0.994152046783626,0,0.427807486631016
4245,1636893176.48514,0,-0.005847953216374,-0.994152046783626,0,0.427807486631016
4246,1636893176.58645,0,-0.005847953216374,-0.994152046783626,0,0.427807486631016
4247,1636893176.69027,0,-0.005847953216374,-0.994152046783626,0,0.427807486631016
4248,1636893176.7935,0,-0.005847953216374,-0.994152046783626,0,0.427807486631016
4249,1636893176.89392,0,-0.005847953216374,-0.994152046783626,0,0.427807486631016
4250,1636893176.99442,0,-0.005847953216374,-0.994152046783626,0,0.427807486631016
4260,1636893178.01418,0,-0.005847953216374,-0.994152046783626,0,0.561497326203209
4261,1636893178.11808,0,-0.005847953216374,-0.994152046783626,0,0.561497326203209
4262,1636893178.21988,0,-0.005847953216374,-0.994152046783626,0,0.561497326203209
4263,1636893178.32233,0,-0.005847953216374,-0.994152046783626,0,0.561497326203209
4264,1636893178.42562,0,-0.005847953216374,-0.994152046783626,0,0.561497326203209
4265,1636893178.52761,0,-0.005847953216374,-0.994152046783626,0,0.561497326203209
4266,1636893178.62932,0,-0.005847953216374,-0.994152046783626,0,0.561497326203209
4267,1636893178.73177,0,-0.005847953216374,-0.994152046783626,0,0.561497326203209
4268,1636893178.83113,0,-0.005847953216374,-0.994152046783626,0,0.561497326203209
4269,1636893178.93289,-0.0125,0,-0.994152046783626,0,0.561497326203209
4270,1636893178.98646,-0.0125,0.005847953216374,-1,0,0.561497326203209
4271,1636893179.08785,0,0.005847953216374,-1,0,0.561497326203209
4272,1636893179.18791,0.025,0,-1,0.055555555555556,0.561497326203209
4273,1636893179.2921,0,0,-0.994152046783626,0.111111111111111,0.561497326203209
4274,1636893179.39475,0,0,-1,0.166666666666667,0.561497326203209
4275,1636893179.49561,0,0,-1,0.222222222222222,0.561497326203209
4276,1636893179.59575,0,0,-1,0.222222222222222,0.561497326203209
4277,1636893179.69839,0,0,-1,0.277777777777778,0.561497326203209
4278,1636893179.80356,0,0,-1,0.277777777777778,0.561497326203209
4279,1636893179.90409,-0.025,0,-1,0.333333333333333,0.561497326203209
4290,1636893181.02613,-0.0125,0.011695906432749,-1,0.388888888888889,0.427807486631016
4291,1636893181.13116,0,0.011695906432749,-0.994152046783626,0.388888888888889,0.427807486631016
4292,1636893181.22724,-0.0125,0.011695906432749,-0.994152046783626,0.444444444444444,0.427807486631016
4293,1636893181.33299,-0.0125,0.011695906432749,-0.994152046783626,0.444444444444444,0.427807486631016
4294,1636893181.43628,-0.0125,0.011695906432749,-0.994152046783626,0.5,0.427807486631016
4295,1636893181.53351,-0.0125,0.011695906432749,-0.994152046783626,0.5,0.427807486631016
4296,1636893181.63495,-0.025,0.011695906432749,-0.994152046783626,0.5,0.427807486631016
4297,1636893181.74016,-0.025,0.005847953216374,-0.994152046783626,0.555555555555556,0.427807486631016
4298,1636893181.84102,-0.0125,0,-0.994152046783626,0.555555555555556,0.427807486631016
4299,1636893181.94483,-0.0125,0,-0.994152046783626,0.611111111111111,0.427807486631016
4300,1636893182.04677,-0.0125,0,-0.994152046783626,0.666666666666667,0.427807486631016
4301,1636893182.1457,-0.0125,0,-0.994152046783626,0.666666666666667,0.427807486631016
4302,1636893182.24955,-0.0125,0,-0.994152046783626,0.722222222222222,0.427807486631016
4303,1636893182.35069,-0.0125,0,-0.994152046783626,0.777777777777778,0.427807486631016
4304,1636893182.45179,-0.025,0,-0.994152046783626,0.777777777777778,0.427807486631016
4305,1636893182.55344,-0.025,0,-1,0.777777777777778,0.427807486631016
4306,1636893182.65751,-0.025,0,-1,0.833333333333333,0.427807486631016
4307,1636893182.76006,-0.025,0,-1,0.833333333333333,0.427807486631016
4308,1636893182.85955,-0.0375,0,-1,0.833333333333333,0.427807486631016
4309,1636893182.96508,-0.025,0,-1,0.833333333333333,0.427807486631016
4310,1636893183.06675,-0.025,0,-1,0.833333333333333,0.427807486631016
4311,1636893183.16512,-0.0375,0,-1,0.833333333333333,0.427807486631016
4312,1636893183.21723,-0.05,0,-1,0.833333333333333,0.427807486631016
4313,1636893183.37119,-0.1375,0,-1,0.833333333333333,0.427807486631016
4314,1636893183.47406,-0.2125,0,-1,0.833333333333333,0.427807486631016
4315,1636893183.52475,-0.1375,0,-0.994152046783626,0.833333333333333,0.427807486631016
4316,1636893183.62378,-0.0625,0,-1,0.833333333333333,0.427807486631016
4317,1636893183.7268,-0.0375,0,-1,0.833333333333333,0.427807486631016
4318,1636893183.83063,-0.0125,0,-1,0.833333333333333,0.427807486631016
4319,1636893183.93141,0,0,-1,0.833333333333333,0.427807486631016
4330,1636893185.05469,-0.0125,0,-0.994152046783626,0.833333333333333,0.427807486631016
4331,1636893185.15706,-0.0625,0,-0.994152046783626,0.833333333333333,0.427807486631016
4332,1636893185.25833,-0.1625,0,-1,0.833333333333333,0.427807486631016
4333,1636893185.3582,-0.2125,0,-1,0.833333333333333,0.427807486631016
4334,1636893185.46143,-0.15,0.005847953216374,-1,0.833333333333333,0.427807486631016
4335,1636893185.56401,-0.0625,0.005847953216374,-0.994152046783626,0.833333333333333,0.427807486631016
4336,1636893185.66525,-0.0125,0,-0.994152046783626,0.833333333333333,0.427807486631016
4337,1636893185.7665,-0.0125,0,-0.994152046783626,0.833333333333333,0.427807486631016
4338,1636893185.86843,0,0,-0.994152046783626,0.833333333333333,0.427807486631016
4339,1636893185.97342,0,0,-1,0.833333333333333,0.427807486631016
4340,1636893186.07452,0,0,-0.994152046783626,0.833333333333333,0.427807486631016
4341,1636893186.17409,-0.0375,0,-0.994152046783626,0.833333333333333,0.427807486631016
4342,1636893186.27878,-0.125,0,-0.994152046783626,0.833333333333333,0.427807486631016
4343,1636893186.37856,-0.2125,0,-0.994152046783626,0.833333333333333,0.427807486631016
4344,1636893186.48262,-0.225,0,-1,0.833333333333333,0.427807486631016
4345,1636893186.58214,-0.1125,0,-0.994152046783626,0.833333333333333,0.427807486631016
4346,1636893186.68766,-0.025,0,-0.994152046783626,0.833333333333333,0.427807486631016
4347,1636893186.78678,-0.0125,0,-0.994152046783626,0.833333333333333,0.427807486631016
4348,1636893186.89055,-0.0125,0,-0.994152046783626,0.833333333333333,0.427807486631016
4349,1636893186.99302,-0.0125,0,-0.994152046783626,0.833333333333333,0.427807486631016
4350,1636893187.04723,-0.0125,0,-1,0.833333333333333,0.561497326203209
4351,1636893187.14767,-0.025,0,-0.994152046783626,0.833333333333333,0.561497326203209
4352,1636893187.24897,-0.0375,0,-1,0.833333333333333,0.561497326203209
4353,1636893187.40486,-0.075,0,-1,0.833333333333333,0.561497326203209
4354,1636893187.50385,-0.1,0,-1,0.833333333333333,0.561497326203209
4355,1636893187.55537,-0.1,0,-1,0.833333333333333,0.561497326203209
4356,1636893187.65599,-0.1,0,-1,0.833333333333333,0.561497326203209
4357,1636893187.7592,-0.0875,0,-1,0.833333333333333,0.561497326203209
4358,1636893187.86134,-0.0875,0,-0.994152046783626,0.833333333333333,0.561497326203209
4359,1636893187.9636,-0.0875,0,-0.994152046783626,0.833333333333333,0.561497326203209
4370,1636893189.08264,-0.0125,-0.005847953216374,-1,0.833333333333333,0.427807486631016
4371,1636893189.18684,-0.0125,0,-1,0.833333333333333,0.427807486631016
4372,1636893189.2891,-0.0125,0,-0.994152046783626,0.833333333333333,0.427807486631016
4373,1636893189.39124,-0.025,0,-1,0.833333333333333,0.427807486631016
4374,1636893189.49042,-0.025,0,-0.994152046783626,0.833333333333333,0.427807486631016
4375,1636893189.59137,-0.025,0,-1,0.833333333333333,0.427807486631016
4376,1636893189.69579,-0.025,0,-1,0.833333333333333,0.427807486631016
4377,1636893189.79906,-0.025,0,-1,0.833333333333333,0.427807486631016
4378,1636893189.90082,-0.025,0,-0.994152046783626,0.833333333333333,0.427807486631016
4379,1636893190.00033,-0.025,0,-1,0.833333333333333,0.561497326203209
4380,1636893190.10219,-0.025,0,-1,0.833333333333333,0.561497326203209
4381,1636893190.20507,-0.0375,0,-0.994152046783626,0.833333333333333,0.561497326203209
4382,1636893190.30898,-0.0375,0,-1,0.833333333333333,0.561497326203209
4383,1636893190.41119,0,0,-1,0.833333333333333,0.561497326203209
4384,1636893190.51237,0,0,-1,0.833333333333333,0.561497326203209
4385,1636893190.61414,0.025,0,-0.994152046783626,0.833333333333333,0.561497326203209
4386,1636893190.71704,0.0625,0,-0.994152046783626,0.833333333333333,0.561497326203209
4387,1636893190.81708,0.0625,0,-1,0.833333333333333,0.561497326203209
4388,1636893190.9206,0.075,0,-1,0.833333333333333,0.561497326203209
4389,1636893191.01965,0.0875,0,-0.994152046783626,0.833333333333333,0.427807486631016
4390,1636893191.12142,0.0875,0,-0.994152046783626,0.833333333333333,0.427807486631016
4391,1636893191.22706,0.0875,0,-0.994152046783626,0.833333333333333,0.427807486631016
4392,1636893191.32561,0.0875,0,-0.994152046783626,0.833333333333333,0.427807486631016
4393,1636893191.42752,0.0375,-0.005847953216374,-0.994152046783626,0.833333333333333,0.427807486631016
4394,1636893191.533,-0.025,-0.005847953216374,-0.994152046783626,0.833333333333333,0.427807486631016
4395,1636893191.63278,-0.05,0,-0.994152046783626,0.833333333333333,0.427807486631016
4396,1636893191.68319,-0.0625,0,-0.994152046783626,0.833333333333333,0.427807486631016
4397,1636893191.78856,-0.075,0,-0.994152046783626,0.833333333333333,0.427807486631016
4398,1636893191.88924,-0.075,0,-0.994152046783626,0.833333333333333,0.427807486631016
4399,1636893191.99135,-0.075,0,-0.994152046783626,0.833333333333333,0.427807486631016
4409,1636893193.00957,-0.05,-0.005847953216374,-1,0.833333333333333,0.625668449197861
4410,1636893193.11444,-0.05,0,-1,0.833333333333333,0.625668449197861
4411,1636893193.21585,-0.05,0,-1,0.833333333333333,0.625668449197861
4412,1636893193.31833,-0.025,0,-1,0.833333333333333,0.625668449197861
4413,1636893193.41774,0.05,0,-1,0.833333333333333,0.625668449197861
4414,1636893193.52098,0.1,0,-1,0.833333333333333,0.625668449197861
4415,1636893193.62211,0.0875,0,-1,0.833333333333333,0.625668449197861
4416,1636893193.72554,0.0875,0,-1,0.833333333333333,0.625668449197861
4417,1636893193.82742,0.05,0,-0.994152046783626,0.833333333333333,0.625668449197861
4418,1636893193.92841,-0.0125,0,-0.994152046783626,0.833333333333333,0.625668449197861
4419,1636893194.03123,-0.05,0,-0.994152046783626,0.833333333333333,0.625668449197861
4420,1636893194.13047,-0.0625,0,-0.994152046783626,0.833333333333333,0.625668449197861
4421,1636893194.23376,-0.0625,0,-0.994152046783626,0.833333333333333,0.625668449197861
4422,1636893194.34012,-0.0625,0,-0.994152046783626,0.833333333333333,0.625668449197861
4423,1636893194.43914,-0.0625,0,-0.994152046783626,0.833333333333333,0.625668449197861
4424,1636893194.53877,-0.0625,0,-0.994152046783626,0.888888888888889,0.625668449197861
4425,1636893194.64428,-0.05,0,-0.994152046783626,0.888888888888889,0.625668449197861
4426,1636893194.74645,0.0125,0,-0.994152046783626,0.888888888888889,0.625668449197861
4427,1636893194.84829,0.1,0,-0.994152046783626,0.888888888888889,0.625668449197861
4428,1636893194.94899,0.0625,0,-0.994152046783626,0.888888888888889,0.625668449197861
4429,1636893195.05072,0,0,-0.994152046783626,0.888888888888889,0.561497326203209
4430,1636893195.15263,-0.0375,0,-0.994152046783626,0.888888888888889,0.561497326203209
4431,1636893195.20366,-0.05,0,-0.994152046783626,0.888888888888889,0.561497326203209
4432,1636893195.30658,-0.05,0,-0.994152046783626,0.888888888888889,0.561497326203209
4433,1636893195.45949,-0.05,0,-0.994152046783626,0.833333333333333,0.561497326203209
4434,1636893195.57025,-0.05,0,-0.994152046783626,0.833333333333333,0.561497326203209
4435,1636893195.67113,-0.05,0,-0.994152046783626,0.833333333333333,0.561497326203209
4436,1636893195.77317,-0.05,-0.005847953216374,-0.994152046783626,0.833333333333333,0.561497326203209
4437,1636893195.87763,-0.05,-0.005847953216374,-1,0.833333333333333,0.561497326203209
4438,1636893195.92935,0,-0.005847953216374,-1,0.833333333333333,0.561497326203209
4439,1636893196.02907,0.0875,0,-1,0.833333333333333,0.561497326203209
4440,1636893196.1229,0.0875,0,-1,0.833333333333333,0.561497326203209
4441,1636893196.22828,0.0875,0,-1,0.833333333333333,0.561497326203209
4442,1636893196.3663,0.075,0,-1,0.833333333333333,0.561497326203209
4443,1636893196.42762,0.0125,0,-1,0.833333333333333,0.561497326203209
4444,1636893196.53725,-0.025,0,-1,0.833333333333333,0.561497326203209
4445,1636893196.67197,-0.05,0,-1,0.833333333333333,0.561497326203209
4446,1636893196.743,-0.05,0,-1,0.833333333333333,0.561497326203209
4447,1636893196.83735,-0.0625,0,-1,0.833333333333333,0.561497326203209
4448,1636893196.97892,-0.0625,0,-0.994152046783626,0.833333333333333,0.561497326203209
4449,1636893197.04668,-0.0625,0,-0.994152046783626,0.833333333333333,0.625668449197861
4450,1636893197.1418,-0.0625,0,-1,0.833333333333333,0.625668449197861
4451,1636893197.24187,-0.0625,0,-1,0.833333333333333,0.625668449197861
4452,1636893197.35772,-0.0625,0,-1,0.833333333333333,0.625668449197861
4453,1636893197.45777,-0.05,0,-1,0.833333333333333,0.625668449197861
4454,1636893197.55218,-0.05,0,-1,0.833333333333333,0.625668449197861
4455,1636893197.66545,-0.05,0,-1,0.833333333333333,0.625668449197861
4456,1636893197.75341,-0.0875,0,-0.994152046783626,0.833333333333333,0.625668449197861
4457,1636893197.85721,-0.0875,0,-0.994152046783626,0.833333333333333,0.625668449197861
4458,1636893197.96958,-0.0875,0,-0.994152046783626,0.833333333333333,0.625668449197861
4459,1636893198.0581,-0.0875,0,-0.994152046783626,0.833333333333333,0.561497326203209
4460,1636893198.15929,-0.0875,0,-0.994152046783626,0.833333333333333,0.561497326203209
4461,1636893198.2807,-0.0875,0,-0.994152046783626,0.833333333333333,0.561497326203209
4462,1636893198.38069,-0.0875,0,-0.994152046783626,0.833333333333333,0.561497326203209
4463,1636893198.46772,-0.0875,0,-0.994152046783626,0.833333333333333,0.561497326203209
4464,1636893198.58754,-0.0875,0,-0.994152046783626,0.833333333333333,0.561497326203209
4465,1636893198.66967,-0.0875,0,-0.994152046783626,0.833333333333333,0.561497326203209
4466,1636893198.77175,-0.0875,0,-0.994152046783626,0.833333333333333,0.561497326203209
4467,1636893198.89101,-0.0875,0,-0.994152046783626,0.833333333333333,0.561497326203209
4468,1636893198.97856,-0.0875,0,-0.994152046783626,0.833333333333333,0.561497326203209
4479,1636893200.04801,-0.075,0,-1,0.833333333333333,0.561497326203209
4480,1636893200.15024,-0.0375,0,-1,0.833333333333333,0.561497326203209
4481,1636893200.25443,-0.025,0.005847953216374,-0.994152046783626,0.833333333333333,0.561497326203209
4482,1636893200.35666,-0.025,0.005847953216374,-0.994152046783626,0.833333333333333,0.561497326203209
4483,1636893200.45851,-0.025,0,-0.994152046783626,0.833333333333333,0.561497326203209
4484,1636893200.55631,-0.025,0,-0.994152046783626,0.833333333333333,0.561497326203209
4485,1636893200.66105,-0.025,0,-0.994152046783626,0.833333333333333,0.561497326203209
4486,1636893200.76092,-0.0625,0,-0.994152046783626,0.833333333333333,0.561497326203209
4487,1636893200.86586,-0.1,0,-1,0.833333333333333,0.561497326203209
4488,1636893200.96674,-0.0875,0,-1,0.833333333333333,0.561497326203209
4489,1636893201.06628,-0.1,0,-1,0.833333333333333,0.561497326203209
4490,1636893201.17223,-0.0875,0,-1,0.833333333333333,0.561497326203209
4491,1636893201.27031,-0.0875,0,-0.994152046783626,0.833333333333333,0.561497326203209
4492,1636893201.37336,-0.0875,0,-0.994152046783626,0.833333333333333,0.561497326203209
4493,1636893201.47654,-0.0875,0,-0.994152046783626,0.833333333333333,0.561497326203209
4494,1636893201.57777,-0.0875,0,-0.994152046783626,0.833333333333333,0.561497326203209
4495,1636893201.68021,-0.0875,0,-0.994152046783626,0.833333333333333,0.561497326203209
4496,1636893201.78008,-0.0875,0,-0.994152046783626,0.833333333333333,0.561497326203209
4497,1636893201.88618,-0.0875,0,-0.994152046783626,0.833333333333333,0.561497326203209
4498,1636893201.9852,-0.0875,0,-0.994152046783626,0.833333333333333,0.561497326203209
4499,1636893202.08759,-0.0875,0,-1,0.833333333333333,0.561497326203209
4500,1636893202.19183,-0.0875,0,-0.994152046783626,0.833333333333333,0.561497326203209
4501,1636893202.29131,-0.0875,0,-0.994152046783626,0.833333333333333,0.561497326203209
4502,1636893202.39274,-0.0875,0,-0.994152046783626,0.833333333333333,0.561497326203209
4503,1636893202.49537,-0.0875,0,-0.994152046783626,0.833333333333333,0.561497326203209
4504,1636893202.59801,-0.0875,0,-0.994152046783626,0.833333333333333,0.561497326203209
4505,1636893202.69805,-0.0875,0,-0.994152046783626,0.833333333333333,0.561497326203209
4506,1636893202.80325,-0.0875,0,-0.994152046783626,0.833333333333333,0.561497326203209
4507,1636893202.90365,-0.0875,0,-0.994152046783626,0.833333333333333,0.561497326203209
4519,1636893204.08136,-0.0875,0,-0.994152046783626,0.833333333333333,0.689839572192513
4520,1636893204.17822,-0.05,0,-0.994152046783626,0.833333333333333,0.689839572192513
4521,1636893204.28086,-0.025,0.005847953216374,-0.994152046783626,0.833333333333333,0.689839572192513
4522,1636893204.38494,-0.025,0,-1,0.833333333333333,0.689839572192513
4523,1636893204.48663,-0.025,0,-1,0.833333333333333,0.689839572192513
4524,1636893204.58887,-0.025,-0.005847953216374,-1,0.833333333333333,0.689839572192513
4525,1636893204.69148,-0.0375,-0.005847953216374,-1,0.833333333333333,0.689839572192513
4526,1636893204.79336,-0.0375,0,-0.994152046783626,0.833333333333333,0.689839572192513
4527,1636893204.8962,-0.0375,0.005847953216374,-0.994152046783626,0.833333333333333,0.689839572192513
4528,1636893204.99765,-0.0375,0,-1,0.833333333333333,0.689839572192513
4529,1636893205.097,-0.0375,0,-1,0.833333333333333,0.689839572192513
4530,1636893205.19885,-0.0625,0,-1,0.833333333333333,0.689839572192513
4531,1636893205.30272,-0.1,0,-0.994152046783626,0.833333333333333,0.689839572192513
4532,1636893205.40577,-0.0875,0,-0.994152046783626,0.833333333333333,0.689839572192513
4533,1636893205.50542,-0.0875,0,-0.994152046783626,0.833333333333333,0.689839572192513
4534,1636893205.6088,-0.0875,0,-1,0.833333333333333,0.689839572192513
4535,1636893205.70793,-0.0875,0,-1,0.833333333333333,0.689839572192513
4536,1636893205.81061,-0.1,0,-1,0.833333333333333,0.689839572192513
4537,1636893205.912,-0.1,0,-0.994152046783626,0.833333333333333,0.689839572192513
4548,1636893207.03946,-0.0875,0,-0.994152046783626,0.833333333333333,0.748663101604278
4549,1636893207.13816,-0.075,0.005847953216374,-0.994152046783626,0.833333333333333,0.748663101604278
4550,1636893207.23994,-0.0375,0.011695906432749,-0.994152046783626,0.833333333333333,0.748663101604278
4551,1636893207.34165,-0.0125,0.005847953216374,-0.994152046783626,0.833333333333333,0.748663101604278
4552,1636893207.39442,-0.025,0.005847953216374,-1,0.833333333333333,0.748663101604278
4553,1636893207.54883,-0.0875,0,-1,0.833333333333333,0.748663101604278
4554,1636893207.64721,-0.0875,0,-1,0.833333333333333,0.748663101604278
4555,1636893207.6968,-0.0875,0,-1,0.833333333333333,0.748663101604278
4556,1636893207.80124,-0.0625,0,-1,0.833333333333333,0.748663101604278
4557,1636893207.90447,-0.05,0,-0.994152046783626,0.833333333333333,0.748663101604278
4558,1636893208.00585,-0.05,0,-1,0.833333333333333,0.748663101604278
4559,1636893208.10831,-0.0375,0,-1,0.833333333333333,0.748663101604278
4560,1636893208.21035,-0.0375,0,-1,0.833333333333333,0.748663101604278
4561,1636893208.31276,-0.0375,0,-0.994152046783626,0.833333333333333,0.748663101604278
4562,1636893208.41388,-0.0375,0,-0.994152046783626,0.833333333333333,0.748663101604278
4563,1636893208.51616,-0.0375,0,-0.994152046783626,0.833333333333333,0.748663101604278
4564,1636893208.61703,-0.0375,0,-1,0.833333333333333,0.748663101604278
4565,1636893208.71916,-0.0375,0,-1,0.833333333333333,0.748663101604278
4566,1636893208.82218,-0.0375,0,-1,0.833333333333333,0.748663101604278
4567,1636893208.92144,-0.0375,0,-0.994152046783626,0.833333333333333,0.748663101604278
4568,1636893209.02447,-0.0375,0,-0.994152046783626,0.833333333333333,0.689839572192513
4569,1636893209.12541,0,0,-0.994152046783626,0.833333333333333,0.689839572192513
4570,1636893209.22959,-0.0125,-0.005847953216374,-0.994152046783626,0.833333333333333,0.689839572192513
4571,1636893209.33246,-0.0375,0,-0.994152046783626,0.833333333333333,0.689839572192513
4572,1636893209.43227,-0.05,0,-0.994152046783626,0.833333333333333,0.689839572192513
4573,1636893209.53437,-0.05,0,-0.994152046783626,0.833333333333333,0.689839572192513
4574,1636893209.6416,0,0,-0.994152046783626,0.833333333333333,0.689839572192513
4575,1636893209.73977,0.0875,0,-0.994152046783626,0.833333333333333,0.689839572192513
4576,1636893209.8405,0.075,0,-1,0.833333333333333,0.689839572192513
4577,1636893209.94274,0,0,-1,0.833333333333333,0.689839572192513
4588,1636893211.0656,-0.05,0,-1,0.833333333333333,0.748663101604278
4589,1636893211.16648,-0.0625,0,-1,0.833333333333333,0.748663101604278
4590,1636893211.26966,-0.0625,0,-1,0.833333333333333,0.748663101604278
4591,1636893211.37025,-0.05,0,-1,0.833333333333333,0.748663101604278
4592,1636893211.41963,-0.05,0,-0.994152046783626,0.833333333333333,0.748663101604278
4593,1636893211.57716,-0.05,0,-0.994152046783626,0.833333333333333,0.748663101604278
4594,1636893211.67826,-0.05,0,-1,0.833333333333333,0.748663101604278
4595,1636893211.78027,0,0,-1,0.833333333333333,0.748663101604278
4596,1636893211.88146,0.0875,0,-1,0.833333333333333,0.748663101604278
4597,1636893211.98387,0.0875,0,-1,0.833333333333333,0.748663101604278
4598,1636893212.03182,0.0875,0,-1,0.833333333333333,0.748663101604278
4599,1636893212.13432,0.0375,0,-1,0.833333333333333,0.748663101604278
4600,1636893212.23804,-0.0125,0,-1,0.833333333333333,0.748663101604278
4601,1636893212.33949,-0.0375,0,-1,0.833333333333333,0.748663101604278
4602,1636893212.44026,-0.0375,0,-0.994152046783626,0.833333333333333,0.748663101604278
4603,1636893212.54209,-0.05,0,-0.994152046783626,0.833333333333333,0.748663101604278
4604,1636893212.64497,-0.05,0,-0.994152046783626,0.833333333333333,0.748663101604278
4605,1636893212.74783,-0.05,0,-0.994152046783626,0.833333333333333,0.748663101604278
4606,1636893212.85108,-0.05,0,-0.994152046783626,0.833333333333333,0.748663101604278
4607,1636893212.95008,-0.025,0,-0.994152046783626,0.833333333333333,0.748663101604278
4608,1636893213.05229,0.05,0,-1,0.833333333333333,0.748663101604278
4609,1636893213.15751,0.1,0,-1,0.833333333333333,0.748663101604278
4610,1636893213.25926,0.0875,0,-1,0.833333333333333,0.748663101604278
4611,1636893213.35947,0.0875,0,-1,0.833333333333333,0.748663101604278
4612,1636893213.46072,0.0875,0,-1,0.833333333333333,0.748663101604278
4613,1636893213.5625,0.0875,0,-0.994152046783626,0.833333333333333,0.748663101604278
4614,1636893213.66575,0.0875,0,-0.994152046783626,0.833333333333333,0.748663101604278
4615,1636893213.76649,0.0875,0,-0.994152046783626,0.833333333333333,0.748663101604278
4616,1636893213.87094,0.0875,0,-0.994152046783626,0.833333333333333,0.748663101604278
4617,1636893213.97076,0.0875,0,-0.994152046783626,0.833333333333333,0.748663101604278
4628,1636893215.0917,-0.0875,0,-0.994152046783626,0.833333333333333,0.748663101604278
4629,1636893215.19566,-0.0875,0,-0.994152046783626,0.833333333333333,0.748663101604278
4630,1636893215.29552,-0.075,0,-0.994152046783626,0.833333333333333,0.748663101604278
4631,1636893215.40118,-0.075,0,-0.994152046783626,0.833333333333333,0.748663101604278
4632,1636893215.50131,-0.075,0,-0.994152046783626,0.833333333333333,0.748663101604278
4633,1636893215.60315,-0.0625,0,-0.994152046783626,0.833333333333333,0.748663101604278
4634,1636893215.70471,-0.0625,0,-0.994152046783626,0.833333333333333,0.748663101604278
4635,1636893215.75581,-0.0625,0,-0.994152046783626,0.833333333333333,0.748663101604278
4636,1636893215.85968,-0.0625,0,-0.994152046783626,0.833333333333333,0.748663101604278
4637,1636893215.95951,-0.05,0,-0.994152046783626,0.833333333333333,0.748663101604278
4638,1636893216.0621,-0.05,0,-0.994152046783626,0.833333333333333,0.748663101604278
4639,1636893216.16424,-0.05,0,-0.994152046783626,0.833333333333333,0.748663101604278
4640,1636893216.26792,-0.05,0,-0.994152046783626,0.833333333333333,0.748663101604278
4641,1636893216.3687,-0.05,0,-0.994152046783626,0.833333333333333,0.748663101604278
4642,1636893216.47039,-0.05,0,-0.994152046783626,0.833333333333333,0.748663101604278
4643,1636893216.5753,-0.0625,0,-1,0.833333333333333,0.748663101604278
4644,1636893216.67944,-0.1,0,-1,0.833333333333333,0.748663101604278
4645,1636893216.77897,-0.1,0,-1,0.833333333333333,0.748663101604278
4646,1636893216.88077,-0.1,0,-1,0.833333333333333,0.748663101604278
4647,1636893216.98229,-0.0875,0,-1,0.833333333333333,0.748663101604278
4648,1636893217.08515,-0.0875,0,-1,0.833333333333333,0.748663101604278
4649,1636893217.18674,-0.0875,-0.005847953216374,-1,0.833333333333333,0.748663101604278
4650,1636893217.28623,-0.0875,0,-1,0.833333333333333,0.748663101604278
4651,1636893217.38849,-0.0875,0,-1,0.833333333333333,0.748663101604278
4652,1636893217.49078,-0.0875,0.005847953216374,-1,0.833333333333333,0.748663101604278
4653,1636893217.59465,-0.0875,0.005847953216374,-1,0.833333333333333,0.748663101604278
4654,1636893217.69404,-0.0875,0,-0.994152046783626,0.833333333333333,0.748663101604278
4655,1636893217.79737,-0.0875,0,-0.994152046783626,0.833333333333333,0.748663101604278
4656,1636893217.90004,-0.0875,0,-0.994152046783626,0.833333333333333,0.748663101604278
4667,1636893219.0235,-0.0875,0,-0.994152046783626,0.833333333333333,0.748663101604278
4668,1636893219.12518,-0.0875,0,-0.994152046783626,0.833333333333333,0.748663101604278
4669,1636893219.22803,-0.0875,0,-0.994152046783626,0.833333333333333,0.748663101604278
4670,1636893219.32621,-0.0875,0,-0.994152046783626,0.833333333333333,0.748663101604278
4671,1636893219.42928,-0.0875,0,-0.994152046783626,0.833333333333333,0.748663101604278
4672,1636893219.53317,-0.0875,0,-0.994152046783626,0.833333333333333,0.748663101604278
4673,1636893219.63225,-0.0875,0,-0.994152046783626,0.833333333333333,0.748663101604278
4674,1636893219.73762,-0.0875,0,-0.994152046783626,0.833333333333333,0.748663101604278
4675,1636893219.8378,-0.0875,-0.005847953216374,-0.994152046783626,0.833333333333333,0.748663101604278
4676,1636893219.93998,-0.0875,-0.005847953216374,-0.994152046783626,0.833333333333333,0.748663101604278
4677,1636893220.04189,-0.1,0,-1,0.833333333333333,0.748663101604278
4678,1636893220.09241,-0.0875,-0.005847953216374,-1,0.833333333333333,0.748663101604278
4679,1636893220.1954,-0.0875,-0.011695906432749,-0.994152046783626,0.833333333333333,0.748663101604278
4680,1636893220.29526,-0.0875,-0.005847953216374,-0.994152046783626,0.833333333333333,0.748663101604278
4681,1636893220.39985,-0.0875,-0.005847953216374,-0.994152046783626,0.833333333333333,0.748663101604278
4682,1636893220.50143,-0.0875,0,-0.994152046783626,0.833333333333333,0.748663101604278
4683,1636893220.60514,-0.0875,0,-0.994152046783626,0.833333333333333,0.748663101604278
4684,1636893220.70659,-0.0875,0,-0.994152046783626,0.833333333333333,0.748663101604278
4685,1636893220.80756,-0.0875,0,-0.994152046783626,0.833333333333333,0.748663101604278
4686,1636893220.9078,-0.0875,-0.005847953216374,-0.994152046783626,0.833333333333333,0.748663101604278
4687,1636893221.01198,-0.0875,-0.005847953216374,-0.994152046783626,0.833333333333333,0.81283422459893
4688,1636893221.11271,-0.0875,-0.005847953216374,-0.994152046783626,0.833333333333333,0.81283422459893
4689,1636893221.21499,-0.0875,-0.005847953216374,-0.994152046783626,0.833333333333333,0.81283422459893
4690,1636893221.31585,-0.0875,-0.005847953216374,-0.994152046783626,0.833333333333333,0.81283422459893
4691,1636893221.41917,-0.0625,0,-0.994152046783626,0.833333333333333,0.81283422459893
4692,1636893221.52301,-0.0375,0,-0.994152046783626,0.833333333333333,0.81283422459893
4693,1636893221.62346,-0.025,0,-1,0.833333333333333,0.81283422459893
4694,1636893221.72661,-0.075,0,-1,0.833333333333333,0.81283422459893
4695,1636893221.82789,-0.1,0,-1,0.833333333333333,0.81283422459893
4696,1636893221.9289,-0.1,0,-1,0.833333333333333,0.81283422459893
4697,1636893222.03355,-0.0875,0,-1,0.833333333333333,0.81283422459893
4698,1636893222.13489,-0.0875,0,-1,0.833333333333333,0.81283422459893
4699,1636893222.23567,-0.0875,0,-0.994152046783626,0.833333333333333,0.81283422459893
4700,1636893222.33645,-0.0875,0,-1,0.833333333333333,0.81283422459893
4701,1636893222.44081,-0.0875,0,-0.994152046783626,0.833333333333333,0.81283422459893
4702,1636893222.54241,-0.0875,0,-0.994152046783626,0.833333333333333,0.81283422459893
4703,1636893222.6419,-0.0875,0,-0.994152046783626,0.833333333333333,0.81283422459893
4704,1636893222.74479,-0.075,0,-0.994152046783626,0.833333333333333,0.81283422459893
4705,1636893222.84631,-0.05,0,-0.994152046783626,0.833333333333333,0.81283422459893
4706,1636893222.95117,-0.0875,0,-0.994152046783626,0.833333333333333,0.81283422459893
4707,1636893223.05288,-0.1,0,-0.994152046783626,0.833333333333333,0.81283422459893
4708,1636893223.1512,-0.0875,0,-0.994152046783626,0.833333333333333,0.81283422459893
4709,1636893223.2576,-0.0875,0,-0.994152046783626,0.833333333333333,0.81283422459893
4710,1636893223.35666,-0.0875,0,-0.994152046783626,0.833333333333333,0.81283422459893
4711,1636893223.46163,-0.0875,0,-0.994152046783626,0.833333333333333,0.81283422459893
4712,1636893223.56019,-0.0875,0,-0.994152046783626,0.833333333333333,0.81283422459893
4713,1636893223.66308,-0.0875,0,-0.994152046783626,0.833333333333333,0.81283422459893
4714,1636893223.7658,-0.0875,0,-0.994152046783626,0.833333333333333,0.81283422459893
4715,1636893223.86894,-0.0875,0,-0.994152046783626,0.833333333333333,0.81283422459893
4716,1636893223.96831,-0.0875,0,-0.994152046783626,0.833333333333333,0.81283422459893
4717,1636893224.07113,-0.0875,0,-0.994152046783626,0.833333333333333,0.871657754010695
4718,1636893224.12217,-0.1,0,-0.994152046783626,0.833333333333333,0.871657754010695
4719,1636893224.22603,-0.0875,0,-0.994152046783626,0.833333333333333,0.871657754010695
4720,1636893224.32646,-0.0875,-0.005847953216374,-0.994152046783626,0.833333333333333,0.871657754010695
4721,1636893224.42727,-0.0875,0,-0.994152046783626,0.833333333333333,0.871657754010695
4722,1636893224.53113,-0.0875,0,-0.994152046783626,0.833333333333333,0.871657754010695
4723,1636893224.68499,-0.0875,-0.005847953216374,-0.994152046783626,0.833333333333333,0.871657754010695
4724,1636893224.78511,-0.075,-0.005847953216374,-0.994152046783626,0.833333333333333,0.871657754010695
4725,1636893224.83873,-0.1,0,-0.994152046783626,0.833333333333333,0.871657754010695
4726,1636893224.94153,-0.0875,0,-1,0.833333333333333,0.871657754010695
4737,1636893226.06279,-0.05,0,-1,0.833333333333333,0.81283422459893
4738,1636893226.16219,-0.05,0,-1,0.833333333333333,0.81283422459893
4739,1636893226.26605,-0.05,0,-1,0.833333333333333,0.81283422459893
4740,1636893226.36583,-0.05,0,-1,0.833333333333333,0.81283422459893
4741,1636893226.46807,-0.05,0,-1,0.833333333333333,0.81283422459893
4742,1636893226.56947,-0.05,0,-0.994152046783626,0.833333333333333,0.81283422459893
4743,1636893226.67237,-0.0125,0,-0.994152046783626,0.833333333333333,0.81283422459893
4744,1636893226.77524,0.075,0,-1,0.833333333333333,0.81283422459893
4745,1636893226.87827,0.0875,0,-1,0.833333333333333,0.81283422459893
4746,1636893226.97789,0.075,0,-1,0.833333333333333,0.81283422459893
4747,1636893227.08443,0.075,0,-1,0.833333333333333,0.81283422459893
4748,1636893227.18598,0.0625,-0.005847953216374,-1,0.833333333333333,0.81283422459893
4749,1636893227.2862,-0.0125,0,-1,0.833333333333333,0.81283422459893
4750,1636893227.38777,-0.0625,0,-1,0.833333333333333,0.81283422459893
4751,1636893227.48858,-0.075,0,-1,0.833333333333333,0.81283422459893
4752,1636893227.5917,-0.0875,0,-1,0.833333333333333,0.81283422459893
4753,1636893227.69438,-0.0875,0,-0.994152046783626,0.833333333333333,0.81283422459893
4754,1636893227.79686,-0.0875,0,-0.994152046783626,0.833333333333333,0.81283422459893
4755,1636893227.89539,-0.0875,0,-0.994152046783626,0.833333333333333,0.81283422459893
4756,1636893227.99853,-0.0375,0,-0.994152046783626,0.833333333333333,0.81283422459893
4757,1636893228.10227,0.0375,-0.005847953216374,-0.994152046783626,0.833333333333333,0.81283422459893
4758,1636893228.20127,0.0875,-0.005847953216374,-0.994152046783626,0.833333333333333,0.81283422459893
4759,1636893228.30459,0.0875,0,-0.994152046783626,0.833333333333333,0.81283422459893
4760,1636893228.35652,0.0875,0,-0.994152046783626,0.833333333333333,0.81283422459893
4761,1636893228.45939,0.0875,0,-0.994152046783626,0.833333333333333,0.81283422459893
4762,1636893228.56134,0.0875,0,-0.994152046783626,0.833333333333333,0.81283422459893
4763,1636893228.66182,0.075,0,-0.994152046783626,0.833333333333333,0.81283422459893
4764,1636893228.76169,-0.0125,0,-0.994152046783626,0.833333333333333,0.81283422459893
4765,1636893228.8646,-0.075,0,-0.994152046783626,0.833333333333333,0.81283422459893
4766,1636893228.96921,-0.0875,0,-0.994152046783626,0.833333333333333,0.81283422459893
4777,1636893230.0894,-0.05,0,-0.994152046783626,0.833333333333333,0.871657754010695
4778,1636893230.19294,-0.075,0,-0.994152046783626,0.833333333333333,0.871657754010695
4779,1636893230.29163,-0.075,0,-0.994152046783626,0.833333333333333,0.871657754010695
4780,1636893230.34434,-0.075,0,-0.994152046783626,0.833333333333333,0.871657754010695
4781,1636893230.39351,-0.075,0,-0.994152046783626,0.833333333333333,0.871657754010695
4782,1636893230.49869,-0.075,0,-0.994152046783626,0.833333333333333,0.871657754010695
4783,1636893230.60127,-0.075,0,-0.994152046783626,0.833333333333333,0.871657754010695
4784,1636893230.70343,-0.075,0,-0.994152046783626,0.833333333333333,0.871657754010695
4785,1636893230.80453,-0.075,0,-0.994152046783626,0.833333333333333,0.871657754010695
4786,1636893230.90668,-0.075,0,-0.994152046783626,0.833333333333333,0.871657754010695
4787,1636893231.00644,-0.075,0,-1,0.777777777777778,0.871657754010695
4788,1636893231.1085,-0.075,-0.005847953216374,-1,0.777777777777778,0.871657754010695
4789,1636893231.21122,-0.0625,-0.005847953216374,-1,0.777777777777778,0.871657754010695
4790,1636893231.31489,-0.0625,0,-1,0.833333333333333,0.871657754010695
4791,1636893231.41473,-0.0625,0,-1,0.833333333333333,0.871657754010695
4792,1636893231.51925,-0.0875,0,-1,0.833333333333333,0.871657754010695
4793,1636893231.61819,-0.0875,0,-1,0.833333333333333,0.871657754010695
4794,1636893231.71944,-0.0875,0,-1,0.833333333333333,0.871657754010695
4795,1636893231.82222,-0.0875,0,-0.994152046783626,0.833333333333333,0.871657754010695
4796,1636893231.92637,-0.0875,0,-0.994152046783626,0.833333333333333,0.871657754010695
4807,1636893233.04828,-0.0875,0,-1,0.833333333333333,0.871657754010695
4808,1636893233.10021,-0.075,0,-1,0.833333333333333,0.871657754010695
4809,1636893233.20255,-0.05,0,-1,0.833333333333333,0.871657754010695
4810,1636893233.30357,-0.05,0,-1,0.833333333333333,0.871657754010695
4811,1636893233.40633,-0.0375,0,-1,0.833333333333333,0.871657754010695
4812,1636893233.50623,-0.05,0,-1,0.833333333333333,0.871657754010695
4813,1636893233.60773,-0.1,0,-1,0.833333333333333,0.871657754010695
4814,1636893233.76278,-0.1,0,-1,0.833333333333333,0.871657754010695
4815,1636893233.81072,-0.0875,0,-0.994152046783626,0.833333333333333,0.871657754010695
4816,1636893233.91582,-0.0875,0.005847953216374,-1,0.833333333333333,0.871657754010695
4817,1636893234.01833,-0.0875,0,-1,0.833333333333333,0.871657754010695
4818,1636893234.12059,-0.075,0,-1,0.833333333333333,0.871657754010695
4819,1636893234.21983,-0.0625,0,-0.994152046783626,0.833333333333333,0.871657754010695
4820,1636893234.32128,-0.05,0,-1,0.833333333333333,0.871657754010695
4821,1636893234.4259,-0.05,-0.005847953216374,-1,0.833333333333333,0.871657754010695
4822,1636893234.52815,-0.05,0,-1,0.833333333333333,0.871657754010695
4823,1636893234.62851,-0.0375,0,-1,0.833333333333333,0.871657754010695
4824,1636893234.73212,-0.0375,0,-1,0.833333333333333,0.871657754010695
4825,1636893234.83445,-0.0375,0,-0.994152046783626,0.833333333333333,0.871657754010695
4826,1636893234.93314,-0.0375,-0.005847953216374,-0.994152046783626,0.833333333333333,0.871657754010695
4827,1636893235.03811,-0.05,0,-1,0.833333333333333,0.935828877005348
4828,1636893235.13708,-0.05,0,-1,0.833333333333333,0.935828877005348
4829,1636893235.24134,-0.05,0,-1,0.833333333333333,0.935828877005348
4830,1636893235.34368,-0.05,0,-1,0.833333333333333,0.935828877005348
4831,1636893235.44492,-0.0875,0,-0.994152046783626,0.833333333333333,0.935828877005348
4832,1636893235.54556,-0.0875,-0.011695906432749,-0.994152046783626,0.833333333333333,0.935828877005348
4833,1636893235.65014,-0.075,-0.023391812865497,-0.994152046783626,0.833333333333333,0.935828877005348
4834,1636893235.74849,-0.075,-0.023391812865497,-1,0.833333333333333,0.935828877005348
4835,1636893235.85133,-0.0875,-0.017543859649123,-0.994152046783626,0.833333333333333,0.935828877005348
4836,1636893235.95519,-0.0875,-0.005847953216374,-0.994152046783626,0.833333333333333,0.935828877005348
4847,1636893237.08095,-0.1,0,-1,0.833333333333333,0.871657754010695
4848,1636893237.17997,-0.1,0,-0.994152046783626,0.833333333333333,0.871657754010695
4849,1636893237.27858,-0.0875,0,-0.994152046783626,0.833333333333333,0.871657754010695
4850,1636893237.33046,-0.0875,0,-0.994152046783626,0.833333333333333,0.871657754010695
4851,1636893237.38257,-0.0875,0,-0.994152046783626,0.833333333333333,0.871657754010695
4852,1636893237.48266,-0.0875,0,-1,0.833333333333333,0.871657754010695
4853,1636893237.58627,-0.0875,-0.011695906432749,-0.994152046783626,0.833333333333333,0.871657754010695
4854,1636893237.63767,-0.0875,0.005847953216374,-0.994152046783626,0.833333333333333,0.871657754010695
4855,1636893237.7386,-0.0875,0.005847953216374,-0.994152046783626,0.833333333333333,0.871657754010695
4856,1636893237.84246,-0.0875,0,-0.994152046783626,0.833333333333333,0.871657754010695
4857,1636893237.94107,-0.1,0,-1,0.833333333333333,0.871657754010695
4858,1636893238.04699,-0.0875,0,-1,0.833333333333333,0.81283422459893
4859,1636893238.14875,-0.0875,0,-1,0.833333333333333,0.81283422459893
4860,1636893238.24772,-0.075,0,-0.994152046783626,0.833333333333333,0.81283422459893
4861,1636893238.35162,-0.0875,0,-0.994152046783626,0.833333333333333,0.81283422459893
4862,1636893238.45501,-0.0875,0,-0.994152046783626,0.833333333333333,0.81283422459893
4863,1636893238.55396,-0.1,0,-1,0.833333333333333,0.81283422459893
4864,1636893238.65622,-0.0875,0,-0.994152046783626,0.833333333333333,0.81283422459893
4865,1636893238.75803,-0.0875,0,-0.994152046783626,0.833333333333333,0.81283422459893
4866,1636893238.86064,-0.0875,0,-0.994152046783626,0.833333333333333,0.81283422459893
4867,1636893238.96525,-0.1,0,-1,0.833333333333333,0.81283422459893
4878,1636893240.08807,-0.0875,0,-0.994152046783626,0.833333333333333,0.871657754010695
4879,1636893240.18629,-0.0875,0,-0.994152046783626,0.833333333333333,0.871657754010695
4880,1636893240.29099,-0.1,0,-0.994152046783626,0.833333333333333,0.871657754010695
4881,1636893240.39005,-0.0875,0,-1,0.833333333333333,0.871657754010695
4882,1636893240.4915,-0.0875,0,-0.994152046783626,0.833333333333333,0.871657754010695
4883,1636893240.59637,-0.0875,0,-0.994152046783626,0.833333333333333,0.871657754010695
4884,1636893240.69951,-0.0875,-0.005847953216374,-1,0.833333333333333,0.871657754010695
4885,1636893240.7978,-0.1,-0.005847953216374,-1,0.833333333333333,0.871657754010695
4886,1636893240.90303,-0.0875,-0.005847953216374,-0.994152046783626,0.833333333333333,0.871657754010695
4887,1636893241.0019,-0.0875,-0.005847953216374,-0.994152046783626,0.833333333333333,0.871657754010695
4888,1636893241.10633,-0.0875,-0.011695906432749,-0.994152046783626,0.833333333333333,0.871657754010695
4889,1636893241.20553,-0.0875,-0.011695906432749,-0.994152046783626,0.833333333333333,0.871657754010695
4890,1636893241.31066,-0.075,-0.011695906432749,-0.994152046783626,0.833333333333333,0.871657754010695
4891,1636893241.36047,-0.0625,-0.005847953216374,-0.994152046783626,0.833333333333333,0.871657754010695
4892,1636893241.46033,0.0125,-0.005847953216374,-1,0.833333333333333,0.871657754010695
4893,1636893241.563,0.1,-0.005847953216374,-1,0.833333333333333,0.871657754010695
4894,1636893241.66489,0.0875,-0.005847953216374,-1,0.833333333333333,0.871657754010695
4895,1636893241.76803,0.075,0,-0.994152046783626,0.833333333333333,0.871657754010695
4896,1636893241.86964,0.075,0,-1,0.833333333333333,0.871657754010695
4897,1636893241.97292,0.0125,-0.005847953216374,-1,0.833333333333333,0.871657754010695
4898,1636893242.07509,-0.0375,0,-1,0.833333333333333,0.871657754010695
4899,1636893242.17795,-0.0625,0,-1,0.833333333333333,0.871657754010695
4900,1636893242.27807,-0.075,0,-0.994152046783626,0.833333333333333,0.871657754010695
4901,1636893242.37918,-0.075,0,-0.994152046783626,0.833333333333333,0.871657754010695
4902,1636893242.48057,-0.075,0,-0.994152046783626,0.833333333333333,0.871657754010695
4903,1636893242.58443,-0.075,0,-0.994152046783626,0.833333333333333,0.871657754010695
4904,1636893242.68564,-0.05,0,-0.994152046783626,0.833333333333333,0.871657754010695
4905,1636893242.78957,0.025,0,-0.994152046783626,0.833333333333333,0.871657754010695
4906,1636893242.891,0.1,0,-0.994152046783626,0.833333333333333,0.871657754010695
4907,1636893242.99431,0.075,-0.005847953216374,-0.994152046783626,0.833333333333333,0.871657754010695
4908,1636893243.09229,0.075,-0.005847953216374,-0.994152046783626,0.833333333333333,0.935828877005348
4909,1636893243.19768,0.0875,0,-0.994152046783626,0.833333333333333,0.935828877005348
4910,1636893243.29872,0.0875,0,-0.994152046783626,0.833333333333333,0.935828877005348
4911,1636893243.40208,0.0875,0,-1,0.833333333333333,0.935828877005348
4912,1636893243.5022,0.05,0,-1,0.833333333333333,0.935828877005348
4913,1636893243.60438,-0.0375,0,-1,0.833333333333333,0.935828877005348
4914,1636893243.70528,-0.075,0,-1,0.833333333333333,0.935828877005348
4915,1636893243.80696,-0.0875,0,-1,0.833333333333333,0.935828877005348
4916,1636893243.91197,-0.075,0,-1,0.777777777777778,0.935828877005348
4928,1636893245.03261,-0.0625,0,-1,0.777777777777778,0.935828877005348
4929,1636893245.13365,-0.0625,0,-1,0.777777777777778,0.935828877005348
4930,1636893245.23839,-0.0625,0,-1,0.777777777777778,0.935828877005348
4931,1636893245.3395,-0.0625,0,-0.994152046783626,0.777777777777778,0.935828877005348
4932,1636893245.44179,-0.025,0,-0.994152046783626,0.833333333333333,0.935828877005348
4933,1636893245.49383,0.05,0,-0.994152046783626,0.833333333333333,0.935828877005348
4934,1636893245.5961,0.1,0.005847953216374,-0.994152046783626,0.833333333333333,0.935828877005348
4935,1636893245.69742,0.0875,0,-0.994152046783626,0.833333333333333,0.935828877005348
4936,1636893245.79965,0.0875,0,-0.994152046783626,0.833333333333333,0.935828877005348
4937,1636893245.89952,0.0875,0,-0.994152046783626,0.833333333333333,0.935828877005348
4938,1636893246.00558,0.075,0,-0.994152046783626,0.833333333333333,0.935828877005348
4939,1636893246.1044,0.05,0,-0.994152046783626,0.833333333333333,0.935828877005348
4940,1636893246.20654,-0.025,0,-0.994152046783626,0.833333333333333,0.935828877005348
4941,1636893246.30938,-0.0625,0,-0.994152046783626,0.833333333333333,0.935828877005348
4942,1636893246.4126,-0.075,0,-0.994152046783626,0.833333333333333,0.935828877005348
4943,1636893246.51256,-0.0875,0,-0.994152046783626,0.833333333333333,0.935828877005348
4944,1636893246.61704,-0.0875,0,-0.994152046783626,0.833333333333333,0.935828877005348
4945,1636893246.71645,-0.0875,0,-0.994152046783626,0.833333333333333,0.935828877005348
4946,1636893246.8181,-0.0875,0,-0.994152046783626,0.833333333333333,0.935828877005348
4947,1636893246.92242,-0.05,0,-0.994152046783626,0.833333333333333,0.935828877005348
4948,1636893247.02559,0.025,0,-0.994152046783626,0.833333333333333,0.935828877005348
4949,1636893247.12601,0.1,0,-1,0.833333333333333,0.935828877005348
4950,1636893247.2263,0.0875,0,-1,0.833333333333333,0.935828877005348
4951,1636893247.32818,0.0875,0,-1,0.833333333333333,0.935828877005348
4952,1636893247.43354,0.0125,-0.005847953216374,-1,0.833333333333333,0.935828877005348
4953,1636893247.53528,-0.0375,-0.005847953216374,-1,0.833333333333333,0.935828877005348
4954,1636893247.63654,-0.0625,-0.005847953216374,-0.994152046783626,0.833333333333333,0.935828877005348
4955,1636893247.73641,-0.0625,-0.005847953216374,-0.994152046783626,0.833333333333333,0.935828877005348
4956,1636893247.8418,-0.0625,-0.005847953216374,-0.994152046783626,0.833333333333333,0.935828877005348
4957,1636893247.94128,-0.075,0,-0.994152046783626,0.833333333333333,0.935828877005348
4968,1636893249.06247,-0.05,0,-1,0.833333333333333,1
4969,1636893249.16789,-0.05,0,-1,0.833333333333333,1
4970,1636893249.26878,-0.05,0,-0.994152046783626,0.833333333333333,1
4971,1636893249.36874,-0.05,0,-0.994152046783626,0.833333333333333,1
4972,1636893249.42258,-0.075,0,-0.994152046783626,0.833333333333333,1
4973,1636893249.5253,-0.0875,0,-1,0.833333333333333,1
4974,1636893249.62771,-0.075,0,-1,0.833333333333333,1
4975,1636893249.72815,-0.0625,0,-1,0.833333333333333,1
4976,1636893249.88114,-0.0625,0,-1,0.833333333333333,1
4977,1636893249.93054,-0.0625,0.005847953216374,-1,0.833333333333333,1
4978,1636893250.03558,-0.0625,0.005847953216374,-1,0.833333333333333,1
4979,1636893250.13632,-0.0875,0,-1,0.833333333333333,1
4980,1636893250.23838,-0.0875,0,-1,0.833333333333333,1
4981,1636893250.34179,-0.0875,0,-0.994152046783626,0.833333333333333,1
4982,1636893250.44044,-0.0875,0,-1,0.833333333333333,1
4983,1636893250.54568,-0.0875,0,-1,0.833333333333333,1
4984,1636893250.64773,-0.0875,0,-1,0.833333333333333,1
4985,1636893250.74813,-0.0875,0,-1,0.833333333333333,1
4986,1636893250.84837,-0.0875,0,-0.994152046783626,0.833333333333333,1
4987,1636893250.95222,-0.0875,0,-0.994152046783626,0.833333333333333,1
4992,1636893281.96136,-0.0125,0,-0.994152046783626,0.833333333333333,0.625668449197861
4993,1636893282.06479,0.0625,0,-1,0.833333333333333,0.625668449197861
4994,1636893282.16778,0.0875,0,-0.994152046783626,0.833333333333333,0.625668449197861
4995,1636893282.26974,0.0875,0,-0.994152046783626,0.833333333333333,0.625668449197861
4996,1636893282.36896,0.075,0,-0.994152046783626,0.833333333333333,0.625668449197861
4997,1636893282.47162,0,0,-0.994152046783626,0.833333333333333,0.625668449197861
4998,1636893282.57427,-0.0375,0,-0.994152046783626,0.833333333333333,0.625668449197861
4999,1636893282.67778,-0.05,0,-1,0.833333333333333,0.625668449197861
5000,1636893282.77777,-0.0625,0,-1,0.833333333333333,0.625668449197861
5001,1636893282.88162,-0.0625,0,-1,0.833333333333333,0.625668449197861
5002,1636893282.9835,-0.025,0,-1,0.833333333333333,0.625668449197861
5003,1636893283.0862,0.05,0.005847953216374,-1,0.833333333333333,0.561497326203209
5004,1636893283.18688,0.0875,0,-1,0.833333333333333,0.561497326203209
5005,1636893283.28988,0.0875,0,-1,0.833333333333333,0.561497326203209
5006,1636893283.39066,0.0875,0,-1,0.833333333333333,0.561497326203209
5007,1636893283.49301,0.0875,0,-1,0.833333333333333,0.561497326203209
5008,1636893283.59468,0.0875,0,-1,0.833333333333333,0.561497326203209
5009,1636893283.69483,0.0875,0,-1,0.833333333333333,0.561497326203209
5010,1636893283.79696,0.0875,0,-1,0.833333333333333,0.561497326203209
5011,1636893283.90083,0.0875,0,-1,0.833333333333333,0.561497326203209
5022,1636893285.02026,0.0875,0,-0.994152046783626,0.833333333333333,0.427807486631016
5023,1636893285.12495,0.0875,-0.005847953216374,-0.994152046783626,0.833333333333333,0.427807486631016
5024,1636893285.22751,0,0,-0.994152046783626,0.833333333333333,0.427807486631016
5025,1636893285.327,-0.0625,-0.005847953216374,-0.994152046783626,0.833333333333333,0.427807486631016
5026,1636893285.42884,-0.075,-0.005847953216374,-0.994152046783626,0.833333333333333,0.427807486631016
5027,1636893285.53139,-0.0875,-0.005847953216374,-0.994152046783626,0.833333333333333,0.427807486631016
5028,1636893285.63198,-0.0875,-0.005847953216374,-0.994152046783626,0.833333333333333,0.427807486631016
5029,1636893285.73729,-0.0875,0,-0.994152046783626,0.833333333333333,0.427807486631016
5030,1636893285.83683,-0.075,0,-0.994152046783626,0.833333333333333,0.427807486631016
5031,1636893285.89077,-0.075,0,-0.994152046783626,0.833333333333333,0.427807486631016
5032,1636893285.99252,-0.075,0,-0.994152046783626,0.833333333333333,0.427807486631016
5033,1636893286.09095,-0.0625,0,-0.994152046783626,0.833333333333333,0.427807486631016
5034,1636893286.19353,-0.0625,0,-0.994152046783626,0.833333333333333,0.427807486631016
5035,1636893286.29813,-0.0625,0,-0.994152046783626,0.833333333333333,0.427807486631016
5036,1636893286.39936,-0.0625,0,-0.994152046783626,0.833333333333333,0.427807486631016
5037,1636893286.50214,-0.0625,0,-0.994152046783626,0.833333333333333,0.427807486631016
5038,1636893286.60501,-0.05,0,-0.994152046783626,0.833333333333333,0.427807486631016
5039,1636893286.70393,-0.05,0,-0.994152046783626,0.833333333333333,0.427807486631016
5040,1636893286.80768,-0.05,0,-0.994152046783626,0.833333333333333,0.427807486631016
5041,1636893286.91481,-0.05,0,-0.994152046783626,0.833333333333333,0.427807486631016
5052,1636893288.02976,-0.0875,0,-1,0.833333333333333,0.561497326203209
5053,1636893288.13602,-0.0875,0,-1,0.833333333333333,0.561497326203209
5054,1636893288.23811,-0.0875,0,-1,0.833333333333333,0.561497326203209
5055,1636893288.3348,-0.0875,0,-1,0.833333333333333,0.561497326203209
5056,1636893288.43974,-0.0875,0,-1,0.833333333333333,0.561497326203209
5057,1636893288.53916,-0.0875,0,-1,0.833333333333333,0.561497326203209
5058,1636893288.64232,-0.0875,0,-1,0.833333333333333,0.561497326203209
5059,1636893288.74482,-0.0875,0,-1,0.833333333333333,0.561497326203209
5060,1636893288.84865,-0.0875,0,-1,0.833333333333333,0.561497326203209
5061,1636893288.94885,-0.0875,0,-1,0.833333333333333,0.561497326203209
5062,1636893289.05171,-0.0875,0,-1,0.833333333333333,0.625668449197861
5063,1636893289.15428,-0.0875,0.005847953216374,-1,0.833333333333333,0.625668449197861
5064,1636893289.25355,-0.075,0.005847953216374,-1,0.833333333333333,0.625668449197861
5065,1636893289.35613,-0.05,0,-1,0.833333333333333,0.625668449197861
5066,1636893289.46065,-0.075,0,-1,0.833333333333333,0.625668449197861
5067,1636893289.5599,-0.0875,0,-0.994152046783626,0.833333333333333,0.625668449197861
5068,1636893289.66218,-0.0875,0,-0.994152046783626,0.833333333333333,0.625668449197861
5069,1636893289.71554,-0.0875,0,-0.994152046783626,0.833333333333333,0.625668449197861
5070,1636893289.81754,-0.0875,0,-0.994152046783626,0.833333333333333,0.625668449197861
5071,1636893289.919,-0.0875,0,-0.994152046783626,0.833333333333333,0.625668449197861
5072,1636893290.01912,-0.0875,0,-0.994152046783626,0.833333333333333,0.561497326203209
5073,1636893290.12383,-0.0875,0,-0.994152046783626,0.833333333333333,0.561497326203209
5074,1636893290.22536,-0.0875,0,-0.994152046783626,0.833333333333333,0.561497326203209
5075,1636893290.32636,-0.0875,0,-1,0.833333333333333,0.561497326203209
5076,1636893290.4279,-0.1,0,-1,0.833333333333333,0.561497326203209
5077,1636893290.53002,-0.0875,0,-0.994152046783626,0.833333333333333,0.561497326203209
5078,1636893290.63113,-0.0875,0,-0.994152046783626,0.833333333333333,0.561497326203209
5079,1636893290.73269,-0.0875,0,-0.994152046783626,0.833333333333333,0.561497326203209
5080,1636893290.83561,-0.0875,0,-0.994152046783626,0.833333333333333,0.561497326203209
5081,1636893290.93914,-0.0875,0,-0.994152046783626,0.833333333333333,0.561497326203209
5082,1636893291.04056,-0.0875,0,-0.994152046783626,0.833333333333333,0.427807486631016
5083,1636893291.14387,-0.0875,0,-0.994152046783626,0.833333333333333,0.427807486631016
5084,1636893291.24432,-0.0875,0,-1,0.833333333333333,0.427807486631016
5085,1636893291.34637,-0.0875,0,-0.994152046783626,0.833333333333333,0.427807486631016
5086,1636893291.44837,-0.0875,0,-0.994152046783626,0.833333333333333,0.427807486631016
5087,1636893291.55055,-0.0875,0,-1,0.833333333333333,0.427807486631016
5088,1636893291.6509,-0.0875,0,-1,0.833333333333333,0.427807486631016
5089,1636893291.75496,-0.0875,0,-1,0.833333333333333,0.427807486631016
5090,1636893291.85645,-0.0875,0.005847953216374,-0.994152046783626,0.833333333333333,0.427807486631016
5091,1636893291.95779,-0.0875,0.005847953216374,-1,0.833333333333333,0.427807486631016
5102,1636893293.07892,-0.0875,0,-1,0.833333333333333,0.625668449197861
5103,1636893293.18115,-0.0875,0.005847953216374,-1,0.833333333333333,0.625668449197861
5104,1636893293.2844,-0.0875,0.005847953216374,-1,0.833333333333333,0.625668449197861
5105,1636893293.38708,-0.1,0.005847953216374,-1,0.833333333333333,0.625668449197861
5106,1636893293.48685,-0.1,0,-1,0.833333333333333,0.625668449197861
5107,1636893293.5905,-0.1,0,-1,0.833333333333333,0.625668449197861
5108,1636893293.69411,-0.1,0,-0.994152046783626,0.833333333333333,0.625668449197861
5109,1636893293.79602,-0.1,0,-1,0.833333333333333,0.625668449197861
5110,1636893293.8997,-0.1,0,-1,0.833333333333333,0.625668449197861
5111,1636893294.00087,-0.0875,0,-0.994152046783626,0.833333333333333,0.689839572192513
5112,1636893294.04885,-0.0875,0,-0.994152046783626,0.833333333333333,0.689839572192513
5113,1636893294.20226,-0.0875,0,-0.994152046783626,0.833333333333333,0.689839572192513
5114,1636893294.25418,-0.0875,0.005847953216374,-0.994152046783626,0.833333333333333,0.689839572192513
5115,1636893294.35727,-0.0875,0.011695906432749,-1,0.833333333333333,0.689839572192513
5116,1636893294.45707,-0.0875,0.011695906432749,-1,0.833333333333333,0.689839572192513
5117,1636893294.55849,-0.0875,0.017543859649123,-1,0.833333333333333,0.689839572192513
5118,1636893294.65958,-0.025,0.017543859649123,-1,0.833333333333333,0.689839572192513
5119,1636893294.76349,0.0875,0.011695906432749,-0.994152046783626,0.833333333333333,0.689839572192513
5120,1636893294.86724,0.0875,0,-0.994152046783626,0.833333333333333,0.689839572192513
5121,1636893294.96564,0.0875,0.005847953216374,-0.994152046783626,0.833333333333333,0.689839572192513
5122,1636893295.06763,0.075,0,-0.994152046783626,0.833333333333333,0.689839572192513
5123,1636893295.1734,0.075,0,-0.994152046783626,0.833333333333333,0.689839572192513
5124,1636893295.27379,0.075,0.005847953216374,-0.994152046783626,0.833333333333333,0.689839572192513
5125,1636893295.37583,0.075,0.005847953216374,-0.994152046783626,0.833333333333333,0.689839572192513
5126,1636893295.47904,0.075,0.011695906432749,-0.994152046783626,0.833333333333333,0.689839572192513
5127,1636893295.5786,0.075,0.017543859649123,-0.994152046783626,0.833333333333333,0.689839572192513
5128,1636893295.68312,0.05,0.023391812865497,-0.994152046783626,0.833333333333333,0.689839572192513
5129,1636893295.78269,0,0.017543859649123,-1,0.833333333333333,0.689839572192513
5130,1636893295.88483,-0.0375,0.011695906432749,-1,0.833333333333333,0.689839572192513
5131,1636893295.99004,-0.05,0.005847953216374,-1,0.833333333333333,0.689839572192513
5132,1636893296.09189,-0.0625,0.005847953216374,-1,0.833333333333333,0.748663101604278
5133,1636893296.19238,-0.0625,0.005847953216374,-0.994152046783626,0.833333333333333,0.748663101604278
5134,1636893296.29584,-0.0625,0.005847953216374,-0.994152046783626,0.833333333333333,0.748663101604278
5135,1636893296.39754,-0.0625,0.005847953216374,-0.994152046783626,0.833333333333333,0.748663101604278
5136,1636893296.49939,-0.0625,0,-0.994152046783626,0.833333333333333,0.748663101604278
5137,1636893296.60205,-0.0625,0,-0.994152046783626,0.833333333333333,0.748663101604278
5138,1636893296.70298,-0.0625,0,-0.994152046783626,0.833333333333333,0.748663101604278
5139,1636893296.80632,-0.0625,0,-1,0.833333333333333,0.748663101604278
5140,1636893296.90654,-0.0625,0,-1,0.833333333333333,0.748663101604278
5152,1636893298.07762,-0.05,0.005847953216374,-1,0.833333333333333,0.748663101604278
5153,1636893298.23175,-0.0625,0,-0.994152046783626,0.833333333333333,0.748663101604278
5154,1636893298.33369,-0.0625,0,-0.994152046783626,0.833333333333333,0.748663101604278
5155,1636893298.3838,-0.0625,0,-1,0.833333333333333,0.748663101604278
5156,1636893298.48918,-0.0625,0,-1,0.833333333333333,0.748663101604278
5157,1636893298.58956,-0.05,0,-1,0.833333333333333,0.748663101604278
5158,1636893298.69012,0.0125,0,-1,0.833333333333333,0.748663101604278
5159,1636893298.79245,0.0875,0,-1,0.833333333333333,0.748663101604278
5160,1636893298.89689,0.0875,0,-1,0.833333333333333,0.748663101604278
5161,1636893298.99543,0.0875,0,-1,0.833333333333333,0.748663101604278
5162,1636893299.09781,0.0875,0,-1,0.833333333333333,0.748663101604278
5163,1636893299.20029,0.0875,0,-1,0.833333333333333,0.748663101604278
5164,1636893299.3052,0.0875,0.005847953216374,-1,0.833333333333333,0.748663101604278
5165,1636893299.40401,0.0875,0.005847953216374,-1,0.833333333333333,0.748663101604278
5166,1636893299.50788,0.0875,0,-0.994152046783626,0.833333333333333,0.748663101604278
5167,1636893299.60764,0.0875,0,-0.994152046783626,0.833333333333333,0.748663101604278
5168,1636893299.71038,0.0875,0,-0.994152046783626,0.833333333333333,0.748663101604278
5169,1636893299.81476,0.0875,0,-0.994152046783626,0.833333333333333,0.748663101604278
5170,1636893299.91396,0.0875,0,-0.994152046783626,0.833333333333333,0.748663101604278
5171,1636893300.01617,0.0875,0,-0.994152046783626,0.833333333333333,0.748663101604278
5172,1636893300.12071,0.0875,0,-0.994152046783626,0.833333333333333,0.748663101604278
5173,1636893300.2215,0.0875,0.005847953216374,-0.994152046783626,0.833333333333333,0.748663101604278
5174,1636893300.32469,0,0.005847953216374,-0.994152046783626,0.833333333333333,0.748663101604278
5175,1636893300.42565,-0.0625,0.005847953216374,-1,0.833333333333333,0.748663101604278
5176,1636893300.5271,-0.0875,0.005847953216374,-1,0.777777777777778,0.748663101604278
5177,1636893300.63076,-0.0875,0,-1,0.777777777777778,0.748663101604278
5178,1636893300.73253,-0.0875,0,-1,0.777777777777778,0.748663101604278
5179,1636893300.83345,-0.0875,0,-1,0.777777777777778,0.748663101604278
5180,1636893300.93662,-0.075,0,-1,0.777777777777778,0.748663101604278
5181,1636893301.03788,-0.075,0,-1,0.777777777777778,0.689839572192513
5182,1636893301.14277,-0.0875,0,-1,0.777777777777778,0.689839572192513
5183,1636893301.24228,-0.0875,0,-1,0.777777777777778,0.689839572192513
5184,1636893301.34938,-0.0875,0,-1,0.777777777777778,0.689839572192513
5185,1636893301.44348,-0.0875,0,-1,0.833333333333333,0.689839572192513
5186,1636893301.54739,-0.0875,0,-1,0.833333333333333,0.689839572192513
5187,1636893301.65021,-0.0875,0,-1,0.833333333333333,0.689839572192513
5188,1636893301.70147,-0.075,0,-1,0.777777777777778,0.689839572192513
5189,1636893301.80131,-0.0625,0,-1,0.833333333333333,0.689839572192513
5190,1636893301.90345,-0.0625,0,-1,0.833333333333333,0.689839572192513
5201,1636893303.02566,-0.0625,0,-0.994152046783626,0.833333333333333,0.689839572192513
5202,1636893303.12727,-0.0625,0,-1,0.833333333333333,0.689839572192513
5203,1636893303.23144,-0.05,0,-1,0.833333333333333,0.689839572192513
5204,1636893303.33243,-0.05,0,-1,0.833333333333333,0.689839572192513
5205,1636893303.43464,-0.05,0,-1,0.833333333333333,0.689839572192513
5206,1636893303.53402,-0.0875,0,-1,0.833333333333333,0.689839572192513
5207,1636893303.6386,-0.0875,0,-0.994152046783626,0.833333333333333,0.689839572192513
5208,1636893303.73846,-0.0875,0,-0.994152046783626,0.833333333333333,0.689839572192513
5209,1636893303.84189,-0.0875,0,-0.994152046783626,0.833333333333333,0.689839572192513
5210,1636893303.94259,-0.0875,0,-0.994152046783626,0.833333333333333,0.689839572192513
5211,1636893304.04787,-0.0875,0,-0.994152046783626,0.833333333333333,0.748663101604278
5212,1636893304.14976,-0.0875,0,-0.994152046783626,0.833333333333333,0.748663101604278
5213,1636893304.25123,-0.0875,0,-0.994152046783626,0.833333333333333,0.748663101604278
5214,1636893304.35287,-0.0875,0,-0.994152046783626,0.833333333333333,0.748663101604278
5215,1636893304.45629,-0.0875,0,-0.994152046783626,0.833333333333333,0.748663101604278
5216,1636893304.55768,-0.0875,0,-0.994152046783626,0.833333333333333,0.748663101604278
5217,1636893304.65982,-0.0875,0,-0.994152046783626,0.833333333333333,0.748663101604278
5218,1636893304.76081,-0.0875,0,-1,0.833333333333333,0.748663101604278
5219,1636893304.8639,-0.0875,0,-1,0.833333333333333,0.748663101604278
5220,1636893304.96255,-0.0875,0,-0.994152046783626,0.833333333333333,0.748663101604278
5221,1636893305.0671,-0.0875,0,-0.994152046783626,0.833333333333333,0.748663101604278
5222,1636893305.16972,-0.0875,0,-0.994152046783626,0.833333333333333,0.748663101604278
5223,1636893305.26956,-0.0875,0,-0.994152046783626,0.833333333333333,0.748663101604278
5224,1636893305.37342,-0.0875,0,-0.994152046783626,0.833333333333333,0.748663101604278
5225,1636893305.48724,-0.0875,0,-0.994152046783626,0.833333333333333,0.748663101604278
5226,1636893305.57648,-0.0875,0,-0.994152046783626,0.833333333333333,0.748663101604278
5227,1636893305.6797,-0.0875,0,-0.994152046783626,0.833333333333333,0.748663101604278
5228,1636893305.78415,-0.0875,0,-0.994152046783626,0.833333333333333,0.748663101604278
5229,1636893305.88372,-0.0875,0,-0.994152046783626,0.833333333333333,0.748663101604278
5230,1636893305.93345,-0.0875,0,-0.994152046783626,0.833333333333333,0.748663101604278
5231,1636893306.03765,-0.0875,0,-0.994152046783626,0.833333333333333,0.81283422459893
5232,1636893306.13586,-0.0875,0,-0.994152046783626,0.833333333333333,0.81283422459893
5233,1636893306.24026,-0.0875,0,-0.994152046783626,0.833333333333333,0.81283422459893
5234,1636893306.34148,-0.0875,0,-1,0.833333333333333,0.81283422459893
5235,1636893306.44398,-0.0875,0,-1,0.833333333333333,0.81283422459893
5236,1636893306.54546,-0.0875,0,-1,0.833333333333333,0.81283422459893
5237,1636893306.64732,-0.0875,0,-0.994152046783626,0.833333333333333,0.81283422459893
5238,1636893306.7527,-0.0875,0,-0.994152046783626,0.833333333333333,0.81283422459893
5239,1636893306.85257,-0.0875,0,-0.994152046783626,0.833333333333333,0.81283422459893
5240,1636893306.95414,-0.0875,0,-0.994152046783626,0.833333333333333,0.81283422459893
5251,1636893308.07416,-0.1,0,-0.994152046783626,0.833333333333333,0.81283422459893
5252,1636893308.17713,-0.0875,0,-0.994152046783626,0.833333333333333,0.81283422459893
5253,1636893308.27785,-0.0875,0,-0.994152046783626,0.833333333333333,0.81283422459893
5254,1636893308.38112,-0.0875,0,-0.994152046783626,0.833333333333333,0.81283422459893
5255,1636893308.4828,-0.0875,0,-0.994152046783626,0.833333333333333,0.81283422459893
5256,1636893308.58409,-0.0875,0,-0.994152046783626,0.833333333333333,0.81283422459893
5257,1636893308.68599,-0.0875,0,-0.994152046783626,0.833333333333333,0.81283422459893
5258,1636893308.79033,-0.0875,0,-0.994152046783626,0.833333333333333,0.81283422459893
5259,1636893308.89214,-0.0875,0,-1,0.833333333333333,0.81283422459893
5260,1636893308.99374,-0.0875,0,-1,0.833333333333333,0.81283422459893
5261,1636893309.094,-0.1,0,-1,0.833333333333333,0.81283422459893
5262,1636893309.1966,-0.0875,0,-1,0.833333333333333,0.81283422459893
5263,1636893309.29786,-0.0875,0,-1,0.833333333333333,0.81283422459893
5264,1636893309.40162,-0.0875,0,-1,0.833333333333333,0.81283422459893
5265,1636893309.50487,-0.0875,0,-1,0.833333333333333,0.81283422459893
5266,1636893309.60795,-0.0875,0,-1,0.833333333333333,0.81283422459893
5267,1636893309.65891,-0.0875,0,-1,0.833333333333333,0.81283422459893
5268,1636893309.75967,-0.0875,0,-1,0.833333333333333,0.81283422459893
5269,1636893309.85954,-0.1,0,-1,0.833333333333333,0.81283422459893
5270,1636893309.96279,-0.0875,0,-1,0.833333333333333,0.81283422459893
5281,1636893311.08295,-0.0875,0,-1,0.833333333333333,0.748663101604278
5282,1636893311.18802,-0.1,0,-1,0.833333333333333,0.748663101604278
5283,1636893311.28846,-0.1,0,-1,0.833333333333333,0.748663101604278
5284,1636893311.47871,-0.0875,0.005847953216374,-1,0.833333333333333,0.748663101604278
5285,1636893311.49069,-0.0875,0.005847953216374,-1,0.833333333333333,0.748663101604278
5286,1636893311.63704,-0.0875,0.011695906432749,-1,0.833333333333333,0.748663101604278
5287,1636893311.77084,-0.0625,0.011695906432749,-1,0.833333333333333,0.748663101604278
5288,1636893311.79816,-0.0375,0.005847953216374,-1,0.833333333333333,0.748663101604278
5289,1636893311.94128,-0.025,0.005847953216374,-1,0.833333333333333,0.748663101604278
5300,1636893313.02465,-0.0375,0,-0.994152046783626,0.833333333333333,0.748663101604278
5301,1636893313.12393,-0.025,0,-1,0.833333333333333,0.748663101604278
5302,1636893313.22996,-0.0125,0,-1,0.833333333333333,0.748663101604278
5303,1636893313.32844,-0.025,0,-1,0.833333333333333,0.748663101604278
5304,1636893313.43336,-0.0375,0,-1,0.833333333333333,0.748663101604278
5305,1636893313.53543,-0.05,0,-1,0.833333333333333,0.748663101604278
5306,1636893313.63703,-0.05,0,-1,0.833333333333333,0.748663101604278
5307,1636893313.73873,-0.05,0,-1,0.833333333333333,0.748663101604278
5308,1636893313.83928,-0.05,0,-1,0.833333333333333,0.748663101604278
5309,1636893313.88905,-0.0125,0,-1,0.833333333333333,0.748663101604278
5310,1636893313.99291,0.0625,0,-1,0.833333333333333,0.748663101604278
5311,1636893314.09656,0.075,0,-1,0.833333333333333,0.748663101604278
5312,1636893314.199,0.0875,0,-1,0.833333333333333,0.748663101604278
5313,1636893314.29916,0.075,0,-1,0.833333333333333,0.748663101604278
5314,1636893314.40056,0.075,0,-1,0.833333333333333,0.748663101604278
5315,1636893314.50484,0.075,0,-1,0.833333333333333,0.748663101604278
5316,1636893314.60433,0.0875,0,-1,0.833333333333333,0.748663101604278
5317,1636893314.70903,0.075,0,-0.994152046783626,0.833333333333333,0.748663101604278
5318,1636893314.80897,0.075,0,-0.994152046783626,0.833333333333333,0.748663101604278
5319,1636893314.91042,0.075,0,-0.994152046783626,0.833333333333333,0.748663101604278
5330,1636893316.03458,0.0875,0,-1,0.833333333333333,0.748663101604278
5331,1636893316.13395,0.0875,0,-1,0.833333333333333,0.748663101604278
5332,1636893316.23962,0.0875,0,-1,0.833333333333333,0.748663101604278
5333,1636893316.33821,0.0875,0,-1,0.833333333333333,0.748663101604278
5334,1636893316.44326,0.0875,0,-1,0.833333333333333,0.748663101604278
5335,1636893316.5428,0.0875,0,-1,0.833333333333333,0.748663101604278
5336,1636893316.64425,0.0875,0,-1,0.833333333333333,0.748663101604278
5337,1636893316.74767,0.0875,0,-1,0.833333333333333,0.748663101604278
5338,1636893316.84841,0.0875,0,-1,0.833333333333333,0.748663101604278
5339,1636893316.95011,0.0625,0,-0.994152046783626,0.833333333333333,0.748663101604278
5340,1636893317.05483,-0.025,0,-0.994152046783626,0.833333333333333,0.689839572192513
5341,1636893317.15331,-0.075,0,-0.994152046783626,0.777777777777778,0.689839572192513
5342,1636893317.25902,-0.0875,-0.005847953216374,-0.994152046783626,0.777777777777778,0.689839572192513
5343,1636893317.36045,-0.0875,-0.005847953216374,-0.994152046783626,0.777777777777778,0.689839572192513
5344,1636893317.46423,-0.075,0,-0.994152046783626,0.777777777777778,0.689839572192513
5345,1636893317.565,-0.075,0,-1,0.777777777777778,0.689839572192513
5346,1636893317.66357,-0.075,0,-1,0.777777777777778,0.689839572192513
5347,1636893317.7659,-0.075,0,-1,0.777777777777778,0.689839572192513
5348,1636893317.86907,-0.075,0,-0.994152046783626,0.777777777777778,0.689839572192513
5349,1636893317.97294,-0.075,0,-0.994152046783626,0.833333333333333,0.689839572192513
5350,1636893318.07529,-0.075,0,-0.994152046783626,0.833333333333333,0.689839572192513
5351,1636893318.1773,-0.075,0,-0.994152046783626,0.833333333333333,0.689839572192513
5352,1636893318.27627,-0.0625,0,-0.994152046783626,0.833333333333333,0.689839572192513
5353,1636893318.37745,-0.0625,0,-0.994152046783626,0.833333333333333,0.689839572192513
5354,1636893318.48178,-0.0625,0,-0.994152046783626,0.833333333333333,0.689839572192513
5355,1636893318.58488,-0.05,0,-0.994152046783626,0.833333333333333,0.689839572192513
5356,1636893318.68594,-0.05,0,-0.994152046783626,0.833333333333333,0.689839572192513
5357,1636893318.78575,-0.05,0,-0.994152046783626,0.833333333333333,0.689839572192513
5358,1636893318.8371,-0.0375,0,-0.994152046783626,0.833333333333333,0.689839572192513
5359,1636893318.93956,-0.0375,0,-0.994152046783626,0.833333333333333,0.689839572192513
5370,1636893320.0624,-0.0875,0,-1,0.833333333333333,0.748663101604278
5371,1636893320.16619,-0.0875,0,-1,0.833333333333333,0.748663101604278
5372,1636893320.2677,-0.0875,0,-1,0.833333333333333,0.748663101604278
5373,1636893320.37017,-0.0875,0,-1,0.833333333333333,0.748663101604278
5374,1636893320.47005,-0.0875,0,-1,0.833333333333333,0.748663101604278
5375,1636893320.57165,-0.0875,0,-1,0.833333333333333,0.748663101604278
5376,1636893320.6734,-0.0875,0,-1,0.833333333333333,0.748663101604278
5377,1636893320.77668,-0.0875,0,-1,0.833333333333333,0.748663101604278
5378,1636893320.87977,-0.0875,0,-1,0.833333333333333,0.748663101604278
5379,1636893320.98364,-0.0875,0,-1,0.833333333333333,0.748663101604278
5380,1636893321.08087,-0.0875,0,-1,0.833333333333333,0.748663101604278
5381,1636893321.18257,-0.0875,0,-1,0.833333333333333,0.748663101604278
5382,1636893321.28786,-0.0875,0,-1,0.833333333333333,0.748663101604278
5383,1636893321.38696,-0.0875,0,-1,0.833333333333333,0.748663101604278
5384,1636893321.49222,-0.0875,0,-1,0.833333333333333,0.748663101604278
5385,1636893321.59386,-0.0875,0,-1,0.833333333333333,0.748663101604278
5386,1636893321.69613,-0.0875,0,-1,0.833333333333333,0.748663101604278
5387,1636893321.79752,-0.0875,0,-1,0.833333333333333,0.748663101604278
5388,1636893321.89998,-0.0875,0,-1,0.833333333333333,0.748663101604278
5389,1636893321.99919,-0.0875,0,-1,0.833333333333333,0.748663101604278
5390,1636893322.10465,-0.1,0,-1,0.833333333333333,0.689839572192513
5391,1636893322.20255,-0.1,0,-1,0.833333333333333,0.689839572192513
5392,1636893322.30641,-0.1,0,-0.994152046783626,0.833333333333333,0.689839572192513
5393,1636893322.40696,-0.1,0,-1,0.833333333333333,0.689839572192513
5394,1636893322.51042,-0.1,0,-1,0.833333333333333,0.689839572192513
5395,1636893322.61232,-0.1,0,-1,0.833333333333333,0.689839572192513
5396,1636893322.71356,-0.0875,0,-1,0.833333333333333,0.689839572192513
5397,1636893322.81801,-0.0875,0,-0.994152046783626,0.833333333333333,0.689839572192513
5398,1636893322.91944,-0.0875,0,-0.994152046783626,0.833333333333333,0.689839572192513
5399,1636893323.02116,-0.0875,0,-0.994152046783626,0.833333333333333,0.748663101604278
5400,1636893323.12214,-0.0875,0,-1,0.833333333333333,0.748663101604278
5401,1636893323.17534,-0.0875,0,-1,0.833333333333333,0.748663101604278
5402,1636893323.27339,-0.0875,0,-1,0.833333333333333,0.748663101604278
5403,1636893323.37701,-0.0875,0,-1,0.833333333333333,0.748663101604278
5404,1636893323.48057,-0.0875,0,-1,0.833333333333333,0.748663101604278
5405,1636893323.58054,-0.0875,0,-1,0.833333333333333,0.748663101604278
5406,1636893323.68258,-0.0875,0,-1,0.833333333333333,0.748663101604278
5407,1636893323.7834,-0.0875,0,-1,0.833333333333333,0.748663101604278
5408,1636893323.88685,-0.0875,0,-1,0.833333333333333,0.748663101604278
5409,1636893323.98752,-0.0875,0,-1,0.833333333333333,0.748663101604278
5410,1636893324.09284,-0.0875,0,-0.994152046783626,0.833333333333333,0.689839572192513
5411,1636893324.1936,-0.1,0,-0.994152046783626,0.833333333333333,0.689839572192513
5412,1636893324.29636,-0.1,0,-1,0.833333333333333,0.689839572192513
5413,1636893324.39804,-0.1,0,-1,0.833333333333333,0.689839572192513
5414,1636893324.49951,-0.1,0,-1,0.833333333333333,0.689839572192513
5415,1636893324.60026,-0.0875,0,-1,0.833333333333333,0.689839572192513
5416,1636893324.70402,-0.0875,0,-1,0.833333333333333,0.689839572192513
5417,1636893324.80679,-0.0875,0,-0.994152046783626,0.833333333333333,0.689839572192513
5418,1636893324.90755,-0.0875,0,-0.994152046783626,0.833333333333333,0.689839572192513
5429,1636893326.03,-0.1,0,-0.994152046783626,0.833333333333333,0.689839572192513
5430,1636893326.13138,-0.1,0,-1,0.833333333333333,0.689839572192513
5431,1636893326.23429,-0.0875,0,-1,0.833333333333333,0.689839572192513
5432,1636893326.33397,-0.0875,0,-1,0.833333333333333,0.689839572192513
5433,1636893326.43637,-0.0875,0,-1,0.833333333333333,0.689839572192513
5434,1636893326.54068,-0.1,0,-1,0.833333333333333,0.689839572192513
5435,1636893326.64285,-0.1,0,-1,0.833333333333333,0.689839572192513
5436,1636893326.74496,-0.1,0,-1,0.833333333333333,0.689839572192513
5437,1636893326.84515,-0.1,0,-0.994152046783626,0.833333333333333,0.689839572192513
5438,1636893326.8949,-0.1,0,-0.994152046783626,0.833333333333333,0.689839572192513
5439,1636893326.9963,-0.0875,0,-0.994152046783626,0.833333333333333,0.689839572192513
5440,1636893327.09964,-0.0875,0,-0.994152046783626,0.833333333333333,0.689839572192513
5441,1636893327.20249,-0.0875,0,-0.994152046783626,0.833333333333333,0.689839572192513
5442,1636893327.30368,-0.0875,0,-0.994152046783626,0.833333333333333,0.689839572192513
5443,1636893327.45882,-0.0875,0,-0.994152046783626,0.833333333333333,0.689839572192513
5444,1636893327.50993,-0.0875,0,-0.994152046783626,0.833333333333333,0.689839572192513
5445,1636893327.61027,-0.0875,0,-1,0.833333333333333,0.689839572192513
5446,1636893327.70991,-0.0875,0,-1,0.833333333333333,0.689839572192513
5447,1636893327.81473,-0.0875,0,-1,0.833333333333333,0.689839572192513
5448,1636893327.91461,-0.0875,0,-1,0.833333333333333,0.689839572192513
5449,1636893328.01974,-0.0875,0,-1,0.833333333333333,0.748663101604278
5450,1636893328.11829,-0.0875,0,-1,0.833333333333333,0.748663101604278
5451,1636893328.22215,-0.0875,0,-1,0.833333333333333,0.748663101604278
5452,1636893328.32499,-0.1,0,-1,0.833333333333333,0.748663101604278
5453,1636893328.42788,-0.0875,0,-0.994152046783626,0.833333333333333,0.748663101604278
5454,1636893328.52733,-0.0875,0,-1,0.833333333333333,0.748663101604278
5455,1636893328.62834,-0.0875,0,-1,0.833333333333333,0.748663101604278
5456,1636893328.73093,-0.0875,0,-1,0.833333333333333,0.748663101604278
5457,1636893328.83268,-0.0625,0,-1,0.833333333333333,0.748663101604278
5458,1636893328.9358,-0.05,0,-1,0.833333333333333,0.748663101604278
5459,1636893329.03694,0.0375,0,-1,0.833333333333333,0.689839572192513
5460,1636893329.13999,0.0875,0,-1,0.833333333333333,0.689839572192513
5461,1636893329.24362,0.075,0,-1,0.777777777777778,0.689839572192513
5462,1636893329.34581,0.075,0,-0.994152046783626,0.777777777777778,0.689839572192513
5463,1636893329.44684,0.075,0,-0.994152046783626,0.777777777777778,0.689839572192513
5464,1636893329.54932,0.075,0,-0.994152046783626,0.777777777777778,0.689839572192513
5465,1636893329.65025,0.075,0,-0.994152046783626,0.777777777777778,0.689839572192513
5466,1636893329.7502,0.075,0,-0.994152046783626,0.777777777777778,0.689839572192513
5467,1636893329.85235,0.0875,0,-0.994152046783626,0.777777777777778,0.689839572192513
5468,1636893329.95678,0.0875,0,-0.994152046783626,0.833333333333333,0.689839572192513
5469,1636893330.05919,0.0875,0,-0.994152046783626,0.833333333333333,0.748663101604278
5470,1636893330.15921,0.0875,0,-0.994152046783626,0.833333333333333,0.748663101604278
5471,1636893330.26207,0.0875,0,-0.994152046783626,0.833333333333333,0.748663101604278
5472,1636893330.36194,0.0875,0,-0.994152046783626,0.833333333333333,0.748663101604278
5473,1636893330.46709,0.0875,0,-0.994152046783626,0.833333333333333,0.748663101604278
5474,1636893330.56926,0.0875,0,-1,0.833333333333333,0.748663101604278
5475,1636893330.67062,0.0875,0,-1,0.833333333333333,0.748663101604278
5476,1636893330.77262,0.0875,0,-1,0.833333333333333,0.748663101604278
5477,1636893330.87296,0.0875,0,-1,0.833333333333333,0.748663101604278
5478,1636893330.97753,0.0875,0,-1,0.833333333333333,0.748663101604278
5489,1636893332.04839,0.0875,0,-0.994152046783626,0.777777777777778,0.748663101604278
5490,1636893332.14927,0.075,0.005847953216374,-0.994152046783626,0.777777777777778,0.748663101604278
5491,1636893332.2525,0.075,0.005847953216374,-0.994152046783626,0.777777777777778,0.748663101604278
5492,1636893332.35238,0.075,0,-0.994152046783626,0.777777777777778,0.748663101604278
5493,1636893332.4563,0.075,0,-0.994152046783626,0.777777777777778,0.748663101604278
5494,1636893332.55478,0.075,0,-1,0.777777777777778,0.748663101604278
5495,1636893332.66047,0.075,0,-1,0.777777777777778,0.748663101604278
5496,1636893332.76235,0.075,0,-0.994152046783626,0.833333333333333,0.748663101604278
5497,1636893332.86139,0.0375,0,-0.994152046783626,0.833333333333333,0.748663101604278
5498,1636893332.96487,-0.05,0,-0.994152046783626,0.833333333333333,0.748663101604278
5499,1636893333.06702,-0.075,0,-0.994152046783626,0.833333333333333,0.689839572192513
5500,1636893333.17092,-0.075,0,-0.994152046783626,0.833333333333333,0.689839572192513
5501,1636893333.27192,-0.075,0,-0.994152046783626,0.833333333333333,0.689839572192513
5502,1636893333.3716,-0.075,0,-1,0.833333333333333,0.689839572192513
5503,1636893333.47481,-0.075,0,-1,0.833333333333333,0.689839572192513
5504,1636893333.57884,-0.075,0,-0.994152046783626,0.833333333333333,0.689839572192513
5505,1636893333.67785,-0.075,0,-0.994152046783626,0.833333333333333,0.689839572192513
5506,1636893333.78088,-0.075,0,-0.994152046783626,0.833333333333333,0.689839572192513
5507,1636893333.88223,-0.0625,0,-0.994152046783626,0.833333333333333,0.689839572192513
5508,1636893333.98589,-0.0625,0,-0.994152046783626,0.833333333333333,0.689839572192513
5518,1636893335.00458,-0.0375,-0.005847953216374,-1,0.777777777777778,0.689839572192513
5519,1636893335.10464,-0.025,-0.005847953216374,-1,0.777777777777778,0.689839572192513
5520,1636893335.15968,-0.025,-0.005847953216374,-1,0.777777777777778,0.689839572192513
5521,1636893335.25828,-0.025,0,-1,0.833333333333333,0.689839572192513
5522,1636893335.36316,-0.05,0,-1,0.833333333333333,0.689839572192513
5523,1636893335.51394,-0.0625,0,-1,0.833333333333333,0.689839572192513
5524,1636893335.56497,-0.05,0,-1,0.833333333333333,0.689839572192513
5525,1636893335.66881,-0.0375,0,-1,0.833333333333333,0.689839572192513
5526,1636893335.76867,-0.0375,0,-1,0.833333333333333,0.689839572192513
5527,1636893335.87021,-0.025,0,-1,0.833333333333333,0.689839572192513
5528,1636893335.97632,-0.025,0,-1,0.833333333333333,0.689839572192513
5529,1636893336.07743,-0.025,0,-1,0.833333333333333,0.625668449197861
5530,1636893336.17753,-0.025,0,-1,0.833333333333333,0.625668449197861
5531,1636893336.28191,-0.025,0,-1,0.833333333333333,0.625668449197861
5532,1636893336.38124,-0.025,0,-1,0.833333333333333,0.625668449197861
5533,1636893336.48357,-0.025,0,-1,0.833333333333333,0.625668449197861
5534,1636893336.58589,-0.025,0,-1,0.833333333333333,0.625668449197861
5535,1636893336.69034,-0.025,0,-1,0.833333333333333,0.625668449197861
5536,1636893336.78924,-0.0375,0,-1,0.833333333333333,0.625668449197861
5537,1636893336.89448,-0.0875,0,-1,0.833333333333333,0.625668449197861
5538,1636893336.9934,-0.0875,0,-1,0.833333333333333,0.625668449197861
5548,1636893338.01647,-0.0125,0,-0.994152046783626,0.833333333333333,0.625668449197861
5549,1636893338.11803,-0.025,0,-0.994152046783626,0.833333333333333,0.625668449197861
5550,1636893338.21817,-0.0875,0,-0.994152046783626,0.833333333333333,0.625668449197861
5551,1636893338.32338,-0.1,0,-0.994152046783626,0.833333333333333,0.625668449197861
5552,1636893338.42092,-0.1,0,-0.994152046783626,0.833333333333333,0.625668449197861
5553,1636893338.52603,-0.0875,0,-1,0.833333333333333,0.625668449197861
5554,1636893338.62677,-0.1,0,-1,0.833333333333333,0.625668449197861
5555,1636893338.72758,-0.0875,0,-1,0.833333333333333,0.625668449197861
5556,1636893338.831,-0.0875,0,-1,0.833333333333333,0.625668449197861
5557,1636893338.93167,-0.075,0,-1,0.833333333333333,0.625668449197861
5558,1636893339.03475,-0.0375,0,-0.994152046783626,0.833333333333333,0.625668449197861
5559,1636893339.13707,-0.0125,0,-0.994152046783626,0.833333333333333,0.625668449197861
5560,1636893339.23999,0,0,-0.994152046783626,0.833333333333333,0.625668449197861
5561,1636893339.33926,0,0,-0.994152046783626,0.833333333333333,0.625668449197861
5562,1636893339.44312,-0.0125,0,-0.994152046783626,0.833333333333333,0.625668449197861
5563,1636893339.54559,-0.0625,0,-0.994152046783626,0.833333333333333,0.625668449197861
5564,1636893339.64768,-0.1,0,-1,0.833333333333333,0.625668449197861
5565,1636893339.69805,-0.1,0,-1,0.833333333333333,0.625668449197861
5566,1636893339.79924,-0.0875,0,-1,0.833333333333333,0.625668449197861
5567,1636893339.90099,-0.0875,0,-1,0.833333333333333,0.625668449197861
5568,1636893340.00261,-0.0875,0,-1,0.833333333333333,0.625668449197861
5569,1636893340.10418,-0.0875,0,-1,0.833333333333333,0.625668449197861
5570,1636893340.2079,-0.0875,0,-1,0.833333333333333,0.625668449197861
5571,1636893340.31144,-0.0875,0,-1,0.833333333333333,0.625668449197861
5572,1636893340.41255,-0.0875,0,-1,0.833333333333333,0.625668449197861
5573,1636893340.51467,-0.0875,0,-1,0.833333333333333,0.625668449197861
5574,1636893340.616,-0.1,0,-1,0.833333333333333,0.625668449197861
5575,1636893340.71835,-0.0875,0,-1,0.833333333333333,0.625668449197861
5576,1636893340.81806,-0.0875,0,-1,0.833333333333333,0.625668449197861
5577,1636893340.92309,-0.0875,0,-0.994152046783626,0.833333333333333,0.625668449197861
5578,1636893341.02398,-0.0875,0,-0.994152046783626,0.833333333333333,0.625668449197861
5579,1636893341.12659,-0.0875,0,-1,0.833333333333333,0.625668449197861
5580,1636893341.22892,-0.0875,0,-1,0.833333333333333,0.625668449197861
5581,1636893341.33116,-0.0875,0,-1,0.833333333333333,0.625668449197861
5582,1636893341.43142,-0.0875,0,-1,0.833333333333333,0.625668449197861
5583,1636893341.53536,-0.0875,0,-1,0.833333333333333,0.625668449197861
5584,1636893341.63373,-0.0875,0,-1,0.833333333333333,0.625668449197861
5585,1636893341.73857,-0.0875,0,-1,0.833333333333333,0.625668449197861
5586,1636893341.8408,-0.0875,0,-1,0.833333333333333,0.625668449197861
5587,1636893341.93989,-0.0875,0,-0.994152046783626,0.833333333333333,0.625668449197861
5588,1636893341.93989,-0.0875,0,-0.994152046783626,0.833333333333333,0.625668449197861
5599,1636893343.06275,-0.1,0,-1,0.833333333333333,0.625668449197861
5600,1636893343.16722,-0.0875,0,-0.994152046783626,0.833333333333333,0.625668449197861
5601,1636893343.26951,-0.0875,0,-0.994152046783626,0.833333333333333,0.625668449197861
5602,1636893343.37125,-0.0875,0,-0.994152046783626,0.833333333333333,0.625668449197861
5603,1636893343.47111,-0.0875,0,-0.994152046783626,0.833333333333333,0.625668449197861
5604,1636893343.57361,-0.0875,0,-0.994152046783626,0.833333333333333,0.625668449197861
5605,1636893343.67482,-0.0875,0,-0.994152046783626,0.833333333333333,0.625668449197861
5606,1636893343.77963,-0.0875,0,-0.994152046783626,0.833333333333333,0.625668449197861
5607,1636893343.87938,-0.0875,0,-0.994152046783626,0.833333333333333,0.625668449197861
5608,1636893343.98116,-0.0875,0,-1,0.833333333333333,0.625668449197861
5609,1636893344.08284,-0.0875,0,-1,0.833333333333333,0.625668449197861
5610,1636893344.18471,-0.1,0,-1,0.833333333333333,0.625668449197861
5611,1636893344.23846,-0.1,0,-1,0.833333333333333,0.625668449197861
5612,1636893344.3408,-0.0875,0,-1,0.833333333333333,0.625668449197861
5613,1636893344.44256,-0.0875,-0.005847953216374,-0.994152046783626,0.833333333333333,0.625668449197861
5614,1636893344.59278,-0.0875,0,-0.994152046783626,0.833333333333333,0.625668449197861
5615,1636893344.64609,-0.0875,0,-0.994152046783626,0.833333333333333,0.625668449197861
5616,1636893344.74576,-0.1,0,-0.994152046783626,0.833333333333333,0.625668449197861
5617,1636893344.8476,-0.0875,0,-0.994152046783626,0.833333333333333,0.625668449197861
5618,1636893344.94895,-0.0875,0,-0.994152046783626,0.833333333333333,0.625668449197861
5619,1636893345.05383,-0.0875,0,-0.994152046783626,0.833333333333333,0.561497326203209
5620,1636893345.15732,-0.0875,0,-0.994152046783626,0.833333333333333,0.561497326203209
5621,1636893345.25767,-0.0875,0,-0.994152046783626,0.833333333333333,0.561497326203209
5622,1636893345.35922,-0.0875,0,-0.994152046783626,0.833333333333333,0.561497326203209
5623,1636893345.46095,-0.0875,0,-0.994152046783626,0.833333333333333,0.561497326203209
5624,1636893345.56662,-0.1,0,-0.994152046783626,0.833333333333333,0.561497326203209
5625,1636893345.66775,-0.0875,0,-0.994152046783626,0.833333333333333,0.561497326203209
5626,1636893345.76992,-0.0875,0,-1,0.833333333333333,0.561497326203209
5627,1636893345.86842,-0.0875,0,-1,0.833333333333333,0.561497326203209
5628,1636893345.97439,-0.1,0,-1,0.833333333333333,0.561497326203209
5639,1636893347.09506,-0.0875,0.005847953216374,-1,0.833333333333333,0.561497326203209
5640,1636893347.19588,-0.05,0,-1,0.833333333333333,0.561497326203209
5641,1636893347.29674,-0.025,0,-0.994152046783626,0.833333333333333,0.561497326203209
5642,1636893347.4004,-0.025,0,-1,0.833333333333333,0.561497326203209
5643,1636893347.50421,0.0125,0,-0.994152046783626,0.833333333333333,0.561497326203209
5644,1636893347.60454,0.0875,0,-0.994152046783626,0.833333333333333,0.561497326203209
5645,1636893347.7044,0.0875,0,-1,0.777777777777778,0.561497326203209
5646,1636893347.81165,0.075,0,-0.994152046783626,0.777777777777778,0.561497326203209
5647,1636893347.91078,0.075,0,-1,0.777777777777778,0.561497326203209
5648,1636893348.01089,0.075,0,-1,0.777777777777778,0.561497326203209
5649,1636893348.11218,0.075,0,-1,0.777777777777778,0.561497326203209
5650,1636893348.16567,0.075,0,-1,0.777777777777778,0.561497326203209
5651,1636893348.26515,0.0875,0,-1,0.777777777777778,0.561497326203209
5652,1636893348.36791,0.0875,0,-1,0.777777777777778,0.561497326203209
5653,1636893348.47095,0.0875,0.005847953216374,-1,0.777777777777778,0.561497326203209
5654,1636893348.62593,0.025,0.005847953216374,-1,0.833333333333333,0.561497326203209
5655,1636893348.67603,-0.0375,0,-1,0.833333333333333,0.561497326203209
5656,1636893348.77837,-0.0625,0,-1,0.833333333333333,0.561497326203209
5657,1636893348.87885,-0.075,0,-1,0.833333333333333,0.561497326203209
5658,1636893348.98187,-0.075,0,-1,0.833333333333333,0.561497326203209
5659,1636893348.98368,-0.075,0,-1,0.833333333333333,0.561497326203209
5660,1636893349.08266,-0.075,0,-0.994152046783626,0.833333333333333,0.561497326203209
5661,1636893349.18732,-0.075,0,-0.994152046783626,0.833333333333333,0.561497326203209
5662,1636893349.28835,-0.075,0,-1,0.833333333333333,0.561497326203209
5663,1636893349.38821,-0.075,0,-1,0.833333333333333,0.561497326203209
5664,1636893349.49377,-0.0625,0,-1,0.833333333333333,0.561497326203209
5665,1636893349.5951,0.0875,0,-0.994152046783626,0.833333333333333,0.561497326203209
5666,1636893349.6969,0.0875,0,-0.994152046783626,0.833333333333333,0.561497326203209
5667,1636893349.79829,0.0875,0,-1,0.833333333333333,0.561497326203209
5668,1636893349.90015,0.0875,0,-1,0.833333333333333,0.561497326203209
5669,1636893350.0016,0.0875,0,-1,0.833333333333333,0.561497326203209
5670,1636893350.10513,0.025,0,-1,0.833333333333333,0.561497326203209
5671,1636893350.20715,-0.025,0,-0.994152046783626,0.833333333333333,0.561497326203209
5672,1636893350.30824,-0.0625,0,-0.994152046783626,0.833333333333333,0.561497326203209
5673,1636893350.41117,-0.075,0,-0.994152046783626,0.833333333333333,0.561497326203209
5674,1636893350.51288,-0.075,0,-0.994152046783626,0.833333333333333,0.561497326203209
5675,1636893350.61537,-0.075,0,-0.994152046783626,0.833333333333333,0.561497326203209
5676,1636893350.71481,-0.075,0,-0.994152046783626,0.777777777777778,0.561497326203209
5677,1636893350.8188,-0.0125,0,-0.994152046783626,0.777777777777778,0.561497326203209
5678,1636893350.91983,0.0625,0,-0.994152046783626,0.777777777777778,0.561497326203209
5689,1636893352.04214,0.0875,0,-0.994152046783626,0.833333333333333,0.561497326203209
5690,1636893352.1439,0.0875,0,-1,0.777777777777778,0.561497326203209
5691,1636893352.19367,0.0875,0,-1,0.777777777777778,0.561497326203209
5692,1636893352.29532,0.075,0.005847953216374,-1,0.777777777777778,0.561497326203209
5693,1636893352.39956,0.0875,0.005847953216374,-1,0.777777777777778,0.561497326203209
5694,1636893352.50194,0.0875,0,-1,0.777777777777778,0.561497326203209
5695,1636893352.65416,0.0875,0,-1,0.777777777777778,0.561497326203209
5696,1636893352.75699,0.0875,0,-1,0.777777777777778,0.561497326203209
5697,1636893352.80518,0.0875,0,-0.994152046783626,0.777777777777778,0.561497326203209
5698,1636893352.91053,0.025,0,-0.994152046783626,0.777777777777778,0.561497326203209
5699,1636893353.0121,-0.0375,0,-0.994152046783626,0.777777777777778,0.561497326203209
5700,1636893353.1138,-0.0625,0,-0.994152046783626,0.777777777777778,0.561497326203209
5701,1636893353.2149,-0.075,0,-0.994152046783626,0.777777777777778,0.561497326203209
5702,1636893353.31821,-0.0875,0,-0.994152046783626,0.777777777777778,0.561497326203209
5703,1636893353.41715,-0.0875,0,-1,0.833333333333333,0.561497326203209
5704,1636893353.51989,-0.0875,0,-1,0.833333333333333,0.561497326203209
5705,1636893353.62281,-0.0875,0,-1,0.833333333333333,0.561497326203209
5706,1636893353.72562,-0.0875,0,-1,0.833333333333333,0.561497326203209
5707,1636893353.82482,-0.0875,0,-1,0.833333333333333,0.561497326203209
5708,1636893353.92961,-0.0875,0,-1,0.833333333333333,0.561497326203209
5709,1636893354.03021,-0.0875,0,-1,0.833333333333333,0.427807486631016
5710,1636893354.13382,-0.0875,0,-1,0.833333333333333,0.427807486631016
5711,1636893354.23416,-0.0875,0,-1,0.833333333333333,0.427807486631016
5712,1636893354.33557,-0.0875,0,-1,0.833333333333333,0.427807486631016
5713,1636893354.43864,-0.0875,0,-0.994152046783626,0.833333333333333,0.427807486631016
5714,1636893354.54031,-0.0875,0,-0.994152046783626,0.833333333333333,0.427807486631016
5715,1636893354.64096,-0.0875,0,-0.994152046783626,0.833333333333333,0.427807486631016
5716,1636893354.74676,-0.0875,0,-0.994152046783626,0.833333333333333,0.427807486631016
5717,1636893354.84572,-0.0875,0.005847953216374,-0.994152046783626,0.833333333333333,0.427807486631016
5718,1636893354.94726,-0.0875,0.005847953216374,-0.994152046783626,0.833333333333333,0.427807486631016
5719,1636893355.05116,-0.0875,0.005847953216374,-0.994152046783626,0.833333333333333,0.427807486631016
5720,1636893355.15103,-0.0875,0.005847953216374,-0.994152046783626,0.833333333333333,0.427807486631016
5721,1636893355.25607,-0.0875,0,-0.994152046783626,0.833333333333333,0.427807486631016
5722,1636893355.35625,-0.0875,0,-1,0.833333333333333,0.427807486631016
5723,1636893355.4611,-0.0875,0,-1,0.833333333333333,0.427807486631016
5724,1636893355.56096,-0.0875,0,-1,0.833333333333333,0.427807486631016
5725,1636893355.66449,-0.0875,0,-1,0.833333333333333,0.427807486631016
5726,1636893355.76755,-0.0875,0,-1,0.833333333333333,0.427807486631016
5727,1636893355.86885,-0.0875,0,-1,0.833333333333333,0.427807486631016
5728,1636893355.97046,-0.0875,0,-1,0.833333333333333,0.427807486631016
5740,1636893357.04215,-0.0875,0,-0.994152046783626,0.833333333333333,0.427807486631016
5741,1636893357.14512,-0.0875,0,-1,0.833333333333333,0.427807486631016
5742,1636893357.24424,-0.0875,0,-1,0.833333333333333,0.427807486631016
5743,1636893357.34829,-0.0875,0,-1,0.833333333333333,0.427807486631016
5744,1636893357.4503,-0.0875,0,-1,0.833333333333333,0.427807486631016
5745,1636893357.5498,-0.0875,0,-0.994152046783626,0.833333333333333,0.427807486631016
5746,1636893357.65237,-0.0875,0,-0.994152046783626,0.833333333333333,0.427807486631016
5747,1636893357.75288,-0.1,0,-0.994152046783626,0.833333333333333,0.427807486631016
5748,1636893357.85724,-0.0875,0,-0.994152046783626,0.833333333333333,0.427807486631016
5749,1636893357.95943,-0.0875,0,-0.994152046783626,0.833333333333333,0.427807486631016
5750,1636893358.06181,-0.0875,0,-0.994152046783626,0.833333333333333,0.427807486631016
5751,1636893358.16171,-0.0875,0,-0.994152046783626,0.833333333333333,0.427807486631016
5752,1636893358.26557,-0.0875,0,-0.994152046783626,0.833333333333333,0.427807486631016
5753,1636893358.36803,-0.0875,0,-0.994152046783626,0.833333333333333,0.427807486631016
5754,1636893358.47115,-0.0875,0,-0.994152046783626,0.833333333333333,0.427807486631016
5755,1636893358.57057,-0.0875,0,-0.994152046783626,0.833333333333333,0.427807486631016
5756,1636893358.67154,-0.0875,0,-0.994152046783626,0.833333333333333,0.427807486631016
5757,1636893358.77723,-0.0875,0,-1,0.833333333333333,0.427807486631016
5758,1636893358.87888,-0.0875,0,-1,0.833333333333333,0.427807486631016
5759,1636893358.98077,-0.1,0,-1,0.833333333333333,0.427807486631016
5760,1636893359.08321,-0.1,0,-1,0.833333333333333,0.427807486631016
5761,1636893359.18242,-0.0875,0,-1,0.833333333333333,0.427807486631016
5762,1636893359.28615,-0.0875,0,-0.994152046783626,0.833333333333333,0.427807486631016
5763,1636893359.38911,-0.0875,0,-1,0.833333333333333,0.427807486631016
5764,1636893359.49023,-0.0875,0,-1,0.833333333333333,0.427807486631016
5765,1636893359.59036,-0.0875,0,-1,0.833333333333333,0.427807486631016
5766,1636893359.6922,-0.1,0,-1,0.833333333333333,0.427807486631016
5767,1636893359.79741,-0.0875,0,-1,0.833333333333333,0.427807486631016
5768,1636893359.89658,-0.0875,0,-1,0.833333333333333,0.427807486631016
5769,1636893359.99984,-0.0875,0,-1,0.833333333333333,0.427807486631016
5779,1636893361.02166,-0.0875,0,-0.994152046783626,0.833333333333333,0.427807486631016
5780,1636893361.12274,-0.0875,0,-0.994152046783626,0.833333333333333,0.427807486631016
5781,1636893361.17734,-0.0875,0,-0.994152046783626,0.833333333333333,0.427807486631016
5782,1636893361.27708,-0.0875,0,-0.994152046783626,0.833333333333333,0.427807486631016
5783,1636893361.38088,-0.0875,0,-0.994152046783626,0.833333333333333,0.427807486631016
5784,1636893361.48296,-0.0875,0,-1,0.833333333333333,0.427807486631016
5785,1636893361.58619,-0.0875,0,-1,0.833333333333333,0.427807486631016
5786,1636893361.68363,-0.0875,0,-0.994152046783626,0.833333333333333,0.427807486631016
5787,1636893361.78408,-0.05,-0.005847953216374,-0.994152046783626,0.833333333333333,0.427807486631016
5788,1636893361.88786,-0.025,0,-0.994152046783626,0.833333333333333,0.427807486631016
5789,1636893361.98882,-0.025,0,-0.994152046783626,0.833333333333333,0.427807486631016
5790,1636893362.09072,-0.025,0,-0.994152046783626,0.833333333333333,0.427807486631016
5791,1636893362.19479,-0.025,0,-1,0.833333333333333,0.427807486631016
5792,1636893362.29372,-0.0125,0,-0.994152046783626,0.833333333333333,0.427807486631016
5793,1636893362.39963,-0.025,0,-0.994152046783626,0.833333333333333,0.427807486631016
5794,1636893362.50078,-0.025,0,-0.994152046783626,0.833333333333333,0.427807486631016
5795,1636893362.60346,-0.025,0,-0.994152046783626,0.833333333333333,0.427807486631016
5796,1636893362.7036,0.0125,-0.005847953216374,-0.994152046783626,0.833333333333333,0.427807486631016
5797,1636893362.80671,0.0875,-0.005847953216374,-0.994152046783626,0.833333333333333,0.427807486631016
5798,1636893362.90556,0.0875,0,-0.994152046783626,0.833333333333333,0.427807486631016
5800,1636893369.79403,-0.0875,0,-1,0.833333333333333,0.427807486631016
5801,1636893369.89461,-0.0875,0,-1,0.833333333333333,0.427807486631016
5802,1636893369.94634,-0.0875,0,-1,0.833333333333333,0.427807486631016
5803,1636893370.04775,-0.0875,0,-1,0.833333333333333,0.427807486631016
5804,1636893370.14795,-0.0875,0,-1,0.833333333333333,0.427807486631016
